Workbook

Sheet 09-09
B1: 0.33333333 | D1: REPORTE DE ASISTENCIA 09 DE SEPTIEMBRE DEL 2026.
A2: Cargo | B2: Nombre | C2: Entrada | D2: Salida | E2: Llegada Tarde | F2: HORAS ACUMULADAS ENTRADA | G2: HORAS ACUMULADAS SALIDAS | H2: Total | I2: Observaciones
A3: Supervisor | B3: David Castillo Martínez | F3: =SUM(IF(C3="",0,IF(C3<TIME(8,0,0),TIME(8,0,0)-C3,0))) -> 0 | G3: =SUM( IF(OR(C3="",D3=""),0,MAX(0,IF(D3<C3,D3+1,D3)-MAX(C3,TIME(17,0,0))))) -> 0 | H3: =G3+F3 -> 0
A4: Admon. Bodega | B4: Lenin Amigo de Saul Mendoza Chavarria | F4: =SUM(IF(C4="",0,IF(C4<TIME(8,0,0),TIME(8,0,0)-C4,0))) -> 0 | G4: =SUM( IF(OR(C4="",D4=""),0,MAX(0,IF(D4<C4,D4+1,D4)-MAX(C4,TIME(17,0,0))))) -> 0 | H4: =G4+F4 -> 0
A5: Admon. Bodega | B5: Jose De Jesus Gaitan Lovo | F5: =SUM(IF(C5="",0,IF(C5<TIME(8,0,0),TIME(8,0,0)-C5,0))) -> 0 | G5: =SUM( IF(OR(C5="",D5=""),0,MAX(0,IF(D5<C5,D5+1,D5)-MAX(C5,TIME(17,0,0))))) -> 0 | H5: =G5+F5 -> 0
A6: Admon. Bodega | B6: Fernando Mauricio Salazar | F6: =SUM(IF(C6="",0,IF(C6<TIME(8,0,0),TIME(8,0,0)-C6,0))) -> 0 | G6: =SUM( IF(OR(C6="",D6=""),0,MAX(0,IF(D6<C6,D6+1,D6)-MAX(C6,TIME(17,0,0))))) -> 0 | H6: =G6+F6 -> 0
A7: Admon. Bodega | B7: Elvis Anthony Martinez Hernandez | F7: =SUM(IF(C7="",0,IF(C7<TIME(8,0,0),TIME(8,0,0)-C7,0))) -> 0 | G7: =SUM( IF(OR(C7="",D7=""),0,MAX(0,IF(D7<C7,D7+1,D7)-MAX(C7,TIME(17,0,0))))) -> 0 | H7: =G7+F7 -> 0
A8: Admon. Bodega | B8: Sebastian Bautista Rostran Davila | F8: =SUM(IF(C8="",0,IF(C8<TIME(8,0,0),TIME(8,0,0)-C8,0))) -> 0 | G8: =SUM( IF(OR(C8="",D8=""),0,MAX(0,IF(D8<C8,D8+1,D8)-MAX(C8,TIME(17,0,0))))) -> 0 | H8: =G8+F8 -> 0
A9: Conductor | B9: Denis Alberto Lopez Gonzaga | F9: =SUM(IF(C9="",0,IF(C9<TIME(8,0,0),TIME(8,0,0)-C9,0))) -> 0 | G9: =SUM( IF(OR(C9="",D9=""),0,MAX(0,IF(D9<C9,D9+1,D9)-MAX(C9,TIME(17,0,0))))) -> 0 | H9: =G9+F9 -> 0
A10: Conductor | B10: Jose Gabriel Herrera | F10: =SUM(IF(C10="",0,IF(C10<TIME(8,0,0),TIME(8,0,0)-C10,0))) -> 0 | G10: =SUM( IF(OR(C10="",D10=""),0,MAX(0,IF(D10<C10,D10+1,D10)-MAX(C10,TIME(17,0,0))))) -> 0 | H10: =G10+F10 -> 0
A11: Conductor | B11: Francisco Valerio Altamirano | F11: =SUM(IF(C11="",0,IF(C11<TIME(8,0,0),TIME(8,0,0)-C11,0))) -> 0 | G11: =SUM( IF(OR(C11="",D11=""),0,MAX(0,IF(D11<C11,D11+1,D11)-MAX(C11,TIME(17,0,0))))) -> 0 | H11: =G11+F11 -> 0
A12: Conductor | B12: Manuel Salvador Centeno Salinas | F12: =SUM(IF(C12="",0,IF(C12<TIME(8,0,0),TIME(8,0,0)-C12,0))) -> 0 | G12: =SUM( IF(OR(C12="",D12=""),0,MAX(0,IF(D12<C12,D12+1,D12)-MAX(C12,TIME(17,0,0))))) -> 0 | H12: =G12+F12 -> 0
A13: Conductor | B13: Bayardo Benjamin Moran Lopez | F13: =SUM(IF(C13="",0,IF(C13<TIME(8,0,0),TIME(8,0,0)-C13,0))) -> 0 | G13: =SUM( IF(OR(C13="",D13=""),0,MAX(0,IF(D13<C13,D13+1,D13)-MAX(C13,TIME(17,0,0))))) -> 0 | H13: =G13+F13 -> 0
A14: Conductor | B14: Emerson Alberto Diaz Mendoza | F14: =SUM(IF(C14="",0,IF(C14<TIME(8,0,0),TIME(8,0,0)-C14,0))) -> 0 | G14: =SUM( IF(OR(C14="",D14=""),0,MAX(0,IF(D14<C14,D14+1,D14)-MAX(C14,TIME(17,0,0))))) -> 0 | H14: =G14+F14 -> 0
... A63: Ayudante | B63: Guillermo José Reyes Fernández | F63: =SUM(IF(C63="",0,IF(C63<TIME(8,0,0),TIME(8,0,0)-C63,0))) -> 0 | G63: =SUM( IF(OR(C63="",D63=""),0,MAX(0,IF(D63<C63,D63+1,D63)-MAX(C63,TIME(17,0,0))))) -> 0 | H63: =G63+F63 -> 0
H64: =SUM(H3:H63) -> 0

Sheet MACHOTE
B1: 0.33333333 | D1: REPORTE DE ASISTENCIA 02 DE SEPTIEMBRE DEL 2026.
A2: Cargo | B2: Nombre | C2: Entrada | D2: Salida | E2: Llegada Tarde | F2: HORAS ACUMULADAS ENTRADA | G2: HORAS ACUMULADAS SALIDAS | H2: Total | I2: Observaciones
A3: Supervisor | B3: David Castillo Martínez | F3: =SUM(IF(C3="",0,IF(C3<TIME(8,0,0),TIME(8,0,0)-C3,0))) -> 0 | G3: =SUM( IF(OR(C3="",D3=""),0,MAX(0,IF(D3<C3,D3+1,D3)-MAX(C3,TIME(17,0,0))))) -> 0 | H3: =G3+F3 -> 0
A4: Admon. Bodega | B4: Lenin Amigo de Saul Mendoza Chavarria | F4: =SUM(IF(C4="",0,IF(C4<TIME(8,0,0),TIME(8,0,0)-C4,0))) -> 0 | G4: =SUM( IF(OR(C4="",D4=""),0,MAX(0,IF(D4<C4,D4+1,D4)-MAX(C4,TIME(17,0,0))))) -> 0 | H4: =G4+F4 -> 0
A5: Admon. Bodega | B5: Jose De Jesus Gaitan Lovo | F5: =SUM(IF(C5="",0,IF(C5<TIME(8,0,0),TIME(8,0,0)-C5,0))) -> 0 | G5: =SUM( IF(OR(C5="",D5=""),0,MAX(0,IF(D5<C5,D5+1,D5)-MAX(C5,TIME(17,0,0))))) -> 0 | H5: =G5+F5 -> 0
A6: Admon. Bodega | B6: Fernando Mauricio Salazar | F6: =SUM(IF(C6="",0,IF(C6<TIME(8,0,0),TIME(8,0,0)-C6,0))) -> 0 | G6: =SUM( IF(OR(C6="",D6=""),0,MAX(0,IF(D6<C6,D6+1,D6)-MAX(C6,TIME(17,0,0))))) -> 0 | H6: =G6+F6 -> 0
A7: Admon. Bodega | B7: Elvis Anthony Martinez Hernandez | F7: =SUM(IF(C7="",0,IF(C7<TIME(8,0,0),TIME(8,0,0)-C7,0))) -> 0 | G7: =SUM( IF(OR(C7="",D7=""),0,MAX(0,IF(D7<C7,D7+1,D7)-MAX(C7,TIME(17,0,0))))) -> 0 | H7: =G7+F7 -> 0
A8: Admon. Bodega | B8: Sebastian Bautista Rostran Davila | F8: =SUM(IF(C8="",0,IF(C8<TIME(8,0,0),TIME(8,0,0)-C8,0))) -> 0 | G8: =SUM( IF(OR(C8="",D8=""),0,MAX(0,IF(D8<C8,D8+1,D8)-MAX(C8,TIME(17,0,0))))) -> 0 | H8: =G8+F8 -> 0
A9: Conductor | B9: Denis Alberto Lopez Gonzaga | F9: =SUM(IF(C9="",0,IF(C9<TIME(8,0,0),TIME(8,0,0)-C9,0))) -> 0 | G9: =SUM( IF(OR(C9="",D9=""),0,MAX(0,IF(D9<C9,D9+1,D9)-MAX(C9,TIME(17,0,0))))) -> 0 | H9: =G9+F9 -> 0
A10: Conductor | B10: Jose Gabriel Herrera | F10: =SUM(IF(C10="",0,IF(C10<TIME(8,0,0),TIME(8,0,0)-C10,0))) -> 0 | G10: =SUM( IF(OR(C10="",D10=""),0,MAX(0,IF(D10<C10,D10+1,D10)-MAX(C10,TIME(17,0,0))))) -> 0 | H10: =G10+F10 -> 0
A11: Conductor | B11: Francisco Valerio Altamirano | F11: =SUM(IF(C11="",0,IF(C11<TIME(8,0,0),TIME(8,0,0)-C11,0))) -> 0 | G11: =SUM( IF(OR(C11="",D11=""),0,MAX(0,IF(D11<C11,D11+1,D11)-MAX(C11,TIME(17,0,0))))) -> 0 | H11: =G11+F11 -> 0
A12: Conductor | B12: Manuel Salvador Centeno Salinas | F12: =SUM(IF(C12="",0,IF(C12<TIME(8,0,0),TIME(8,0,0)-C12,0))) -> 0 | G12: =SUM( IF(OR(C12="",D12=""),0,MAX(0,IF(D12<C12,D12+1,D12)-MAX(C12,TIME(17,0,0))))) -> 0 | H12: =G12+F12 -> 0
A13: Conductor | B13: Bayardo Benjamin Moran Lopez | F13: =SUM(IF(C13="",0,IF(C13<TIME(8,0,0),TIME(8,0,0)-C13,0))) -> 0 | G13: =SUM( IF(OR(C13="",D13=""),0,MAX(0,IF(D13<C13,D13+1,D13)-MAX(C13,TIME(17,0,0))))) -> 0 | H13: =G13+F13 -> 0
A14: Conductor | B14: Emerson Alberto Diaz Mendoza | F14: =SUM(IF(C14="",0,IF(C14<TIME(8,0,0),TIME(8,0,0)-C14,0))) -> 0 | G14: =SUM( IF(OR(C14="",D14=""),0,MAX(0,IF(D14<C14,D14+1,D14)-MAX(C14,TIME(17,0,0))))) -> 0 | H14: =G14+F14 -> 0
... A63: Ayudante | B63: Guillermo José Reyes Fernández | F63: =SUM(IF(C63="",0,IF(C63<TIME(8,0,0),TIME(8,0,0)-C63,0))) -> 0 | G63: =SUM( IF(OR(C63="",D63=""),0,MAX(0,IF(D63<C63,D63+1,D63)-MAX(C63,TIME(17,0,0))))) -> 0 | H63: =G63+F63 -> 0
H64: =SUM(H3:H63) -> 0

Sheet 08-09
B1: 0.33333333 | D1: REPORTE DE ASISTENCIA 08 DE SEPTIEMBRE DEL 2026.
A2: Cargo | B2: Nombre | C2: Entrada | D2: Salida | E2: Llegada Tarde | F2: HORAS ACUMULADAS ENTRADA | G2: HORAS ACUMULADAS SALIDAS | H2: Total | I2: Observaciones
A3: Supervisor | B3: David Castillo Martínez | C3: SUBSIDIO
A4: Admon. Bodega | B4: Lenin Amigo de Saul Mendoza Chavarria | C4: 0.33333333 | D4: 0.79513889 | F4: =SUM(IF(C4="",0,IF(C4<TIME(8,0,0),TIME(8,0,0)-C4,0))) -> 0 | G4: =SUM( IF(OR(C4="",D4=""),0,MAX(0,IF(D4<C4,D4+1,D4)-MAX(C4,TIME(17,0,0))))) -> 0.086805556 | H4: =G4+F4 -> 0.086805556
A5: Admon. Bodega | B5: Jose De Jesus Gaitan Lovo | C5: 0.33333333 | D5: 0.79513889 | F5: =SUM(IF(C5="",0,IF(C5<TIME(8,0,0),TIME(8,0,0)-C5,0))) -> 0 | G5: =SUM( IF(OR(C5="",D5=""),0,MAX(0,IF(D5<C5,D5+1,D5)-MAX(C5,TIME(17,0,0))))) -> 0.086805556 | H5: =G5+F5 -> 0.086805556
A6: Admon. Bodega | B6: Fernando Mauricio Salazar | C6: 0.33333333 | D6: 0.79513889 | F6: =SUM(IF(C6="",0,IF(C6<TIME(8,0,0),TIME(8,0,0)-C6,0))) -> 0 | G6: =SUM( IF(OR(C6="",D6=""),0,MAX(0,IF(D6<C6,D6+1,D6)-MAX(C6,TIME(17,0,0))))) -> 0.086805556 | H6: =G6+F6 -> 0.086805556
A7: Admon. Bodega | B7: Elvis Anthony Martinez Hernandez | C7: 0.33333333 | D7: 0.70833333 | F7: =SUM(IF(C7="",0,IF(C7<TIME(8,0,0),TIME(8,0,0)-C7,0))) -> 0 | G7: =SUM( IF(OR(C7="",D7=""),0,MAX(0,IF(D7<C7,D7+1,D7)-MAX(C7,TIME(17,0,0))))) -> 0 | H7: =G7+F7 -> 0
A8: Conductor | B8: Denis Alberto Lopez Gonzaga | C8: 0.3125 | D8: 0.70833333 | F8: =SUM(IF(C8="",0,IF(C8<TIME(8,0,0),TIME(8,0,0)-C8,0))) -> 0.020833333 | G8: =SUM( IF(OR(C8="",D8=""),0,MAX(0,IF(D8<C8,D8+1,D8)-MAX(C8,TIME(17,0,0))))) -> 0 | H8: =G8+F8 -> 0.020833333
A9: Conductor | B9: Jose Gabriel Herrera | C9: 0.33333333 | D9: 0.70833333 | F9: =SUM(IF(C9="",0,IF(C9<TIME(8,0,0),TIME(8,0,0)-C9,0))) -> 0 | G9: =SUM( IF(OR(C9="",D9=""),0,MAX(0,IF(D9<C9,D9+1,D9)-MAX(C9,TIME(17,0,0))))) -> 0 | H9: =G9+F9 -> 0
A10: Conductor | B10: Francisco Valerio Altamirano | C10: A CUENTAS DE HORAS ACUMULADAS
A11: Conductor | B11: Manuel Salvador Centeno Salinas | C11: 0.33333333 | D11: 0.78125 | F11: =SUM(IF(C11="",0,IF(C11<TIME(8,0,0),TIME(8,0,0)-C11,0))) -> 0 | G11: =SUM( IF(OR(C11="",D11=""),0,MAX(0,IF(D11<C11,D11+1,D11)-MAX(C11,TIME(17,0,0))))) -> 0.072916667 | H11: =G11+F11 -> 0.072916667
A12: Conductor | B12: Bayardo Benjamin Moran Lopez | C12: 0.25 | D12: 0.80208333 | F12: =SUM(IF(C12="",0,IF(C12<TIME(8,0,0),TIME(8,0,0)-C12,0))) -> 0.083333333 | G12: =SUM( IF(OR(C12="",D12=""),0,MAX(0,IF(D12<C12,D12+1,D12)-MAX(C12,TIME(17,0,0))))) -> 0.09375 | H12: =G12+F12 -> 0.17708333
A13: Conductor | B13: Emerson Alberto Diaz Mendoza | C13: SUBSIDIO
A14: Conductor | B14: David Uriel Zamora Martinez | C14: 0.33333333 | D14: 0.70833333 | F14: =SUM(IF(C14="",0,IF(C14<TIME(8,0,0),TIME(8,0,0)-C14,0))) -> 0 | G14: =SUM( IF(OR(C14="",D14=""),0,MAX(0,IF(D14<C14,D14+1,D14)-MAX(C14,TIME(17,0,0))))) -> 0 | H14: =G14+F14 -> 0
A15: Conductor | B15: Jorge Luis Telleria | C15: 0.33333333 | D15: 0.70833333 | F15: =SUM(IF(C15="",0,IF(C15<TIME(8,0,0),TIME(8,0,0)-C15,0))) -> 0 | G15: =SUM( IF(OR(C15="",D15=""),0,MAX(0,IF(D15<C15,D15+1,D15)-MAX(C15,TIME(17,0,0))))) -> 0 | H15: =G15+F15 -> 0
A16: Conductor | B16: Alejandro Jose Castro Jarquin | C16: 0.33333333 | D16: 0.70833333 | F16: =SUM(IF(C16="",0,IF(C16<TIME(8,0,0),TIME(8,0,0)-C16,0))) -> 0 | G16: =SUM( IF(OR(C16="",D16=""),0,MAX(0,IF(D16<C16,D16+1,D16)-MAX(C16,TIME(17,0,0))))) -> 0 | H16: =G16+F16 -> 0
A17: Conductor | B17: Juan Francisco Narvaez Molina | C17: 0.33333333 | D17: 0.82222222 | F17: =SUM(IF(C17="",0,IF(C17<TIME(8,0,0),TIME(8,0,0)-C17,0))) -> 0 | G17: =SUM( IF(OR(C17="",D17=""),0,MAX(0,IF(D17<C17,D17+1,D17)-MAX(C17,TIME(17,0,0))))) -> 0.11388889 | H17: =G17+F17 -> 0.11388889
A18: Conductor | B18: Fernando Antonio Centeno Gaitan | C18: 0.33333333 | D18: 0.70833333 | F18: =SUM(IF(C18="",0,IF(C18<TIME(8,0,0),TIME(8,0,0)-C18,0))) -> 0 | G18: =SUM( IF(OR(C18="",D18=""),0,MAX(0,IF(D18<C18,D18+1,D18)-MAX(C18,TIME(17,0,0))))) -> 0 | H18: =G18+F18 -> 0
A19: Conductor | B19: Richard Antonio Carrion Alvarez | C19: 0.33333333 | D19: 0.71527778 | F19: =SUM(IF(C19="",0,IF(C19<TIME(8,0,0),TIME(8,0,0)-C19,0))) -> 0 | G19: =SUM( IF(OR(C19="",D19=""),0,MAX(0,IF(D19<C19,D19+1,D19)-MAX(C19,TIME(17,0,0))))) -> 0.0069444444 | H19: =G19+F19 -> 0.0069444444
A20: Conductor | B20: Dietrich Rafael Bone Burgos | C20: 0.33333333 | D20: 0.70833333 | F20: =SUM(IF(C20="",0,IF(C20<TIME(8,0,0),TIME(8,0,0)-C20,0))) -> 0 | G20: =SUM( IF(OR(C20="",D20=""),0,MAX(0,IF(D20<C20,D20+1,D20)-MAX(C20,TIME(17,0,0))))) -> 0 | H20: =G20+F20 -> 0
A21: Conductor | B21: Juan Abrahán Duran Tercero | C21: 0.29166667 | D21: 0.75277778 | F21: =SUM(IF(C21="",0,IF(C21<TIME(8,0,0),TIME(8,0,0)-C21,0))) -> 0.041666667 | G21: =SUM( IF(OR(C21="",D21=""),0,MAX(0,IF(D21<C21,D21+1,D21)-MAX(C21,TIME(17,0,0))))) -> 0.044444444 | H21: =G21+F21 -> 0.086111111
A22: Conductor | B22: Orlando José Ayerdis Barrios | C22: 0.33333333 | D22: 0.70833333 | F22: =SUM(IF(C22="",0,IF(C22<TIME(8,0,0),TIME(8,0,0)-C22,0))) -> 0 | G22: =SUM( IF(OR(C22="",D22=""),0,MAX(0,IF(D22<C22,D22+1,D22)-MAX(C22,TIME(17,0,0))))) -> 0 | H22: =G22+F22 -> 0
A23: Ayudante | B23: Walter Bernardino Aburto Maltez | C23: 0.42708333 | D23: 0.70833333 | F23: =SUM(IF(C23="",0,IF(C23<TIME(8,0,0),TIME(8,0,0)-C23,0))) -> 0 | G23: =SUM( IF(OR(C23="",D23=""),0,MAX(0,IF(D23<C23,D23+1,D23)-MAX(C23,TIME(17,0,0))))) -> 0 | H23: =G23+F23 -> 0 | I23: Constancia Medica
A24: Ayudante | B24: Bismarck Antonio Perez Aburto | C24: 0.33333333 | D24: 0.70833333 | F24: =SUM(IF(C24="",0,IF(C24<TIME(8,0,0),TIME(8,0,0)-C24,0))) -> 0 | G24: =SUM( IF(OR(C24="",D24=""),0,MAX(0,IF(D24<C24,D24+1,D24)-MAX(C24,TIME(17,0,0))))) -> 0 | H24: =G24+F24 -> 0
A25: Ayudante | B25: Jose Ariel Espinoza Parrales | C25: 0.3125 | D25: 0.70833333 | F25: =SUM(IF(C25="",0,IF(C25<TIME(8,0,0),TIME(8,0,0)-C25,0))) -> 0.020833333 | G25: =SUM( IF(OR(C25="",D25=""),0,MAX(0,IF(D25<C25,D25+1,D25)-MAX(C25,TIME(17,0,0))))) -> 0 | H25: =G25+F25 -> 0.020833333
A26: Ayudante | B26: Yaro de Jesus Castillo Muñoz | C26: 0.33333333 | D26: 0.70833333 | F26: =SUM(IF(C26="",0,IF(C26<TIME(8,0,0),TIME(8,0,0)-C26,0))) -> 0 | G26: =SUM( IF(OR(C26="",D26=""),0,MAX(0,IF(D26<C26,D26+1,D26)-MAX(C26,TIME(17,0,0))))) -> 0 | H26: =G26+F26 -> 0
A27: Ayudante | B27: Orlando De Jesus Ruiz Ramirez | C27: 0.33333333 | D27: 0.70833333 | F27: =SUM(IF(C27="",0,IF(C27<TIME(8,0,0),TIME(8,0,0)-C27,0))) -> 0 | G27: =SUM( IF(OR(C27="",D27=""),0,MAX(0,IF(D27<C27,D27+1,D27)-MAX(C27,TIME(17,0,0))))) -> 0 | H27: =G27+F27 -> 0
A28: Ayudante | B28: Roberto Jose Arauz Alvarado | C28: 0.33333333 | D28: 0.70833333 | F28: =SUM(IF(C28="",0,IF(C28<TIME(8,0,0),TIME(8,0,0)-C28,0))) -> 0 | G28: =SUM( IF(OR(C28="",D28=""),0,MAX(0,IF(D28<C28,D28+1,D28)-MAX(C28,TIME(17,0,0))))) -> 0 | H28: =G28+F28 -> 0
A29: Ayudante | B29: Luis Omar Campos Connolly | C29: 0.25 | D29: 0.80208333 | F29: =SUM(IF(C29="",0,IF(C29<TIME(8,0,0),TIME(8,0,0)-C29,0))) -> 0.083333333 | G29: =SUM( IF(OR(C29="",D29=""),0,MAX(0,IF(D29<C29,D29+1,D29)-MAX(C29,TIME(17,0,0))))) -> 0.09375 | H29: =G29+F29 -> 0.17708333
A30: Ayudante | B30: Emilio Humberto Alegria Sanchez | C30: SUBSIDIO
A31: Ayudante | B31: Pablo Javier Berrios Sotelo | C31: 0.33333333 | D31: 0.70833333 | F31: =SUM(IF(C31="",0,IF(C31<TIME(8,0,0),TIME(8,0,0)-C31,0))) -> 0 | G31: =SUM( IF(OR(C31="",D31=""),0,MAX(0,IF(D31<C31,D31+1,D31)-MAX(C31,TIME(17,0,0))))) -> 0 | H31: =G31+F31 -> 0
A32: Ayudante | B32: Ramiro Isaac Solano Flores | C32: 0.33333333 | D32: 0.70833333 | F32: =SUM(IF(C32="",0,IF(C32<TIME(8,0,0),TIME(8,0,0)-C32,0))) -> 0 | G32: =SUM( IF(OR(C32="",D32=""),0,MAX(0,IF(D32<C32,D32+1,D32)-MAX(C32,TIME(17,0,0))))) -> 0 | H32: =G32+F32 -> 0
A33: Ayudante | B33: Reggie Sanders Rodriguez Tellez | C33: A CUENTAS DE HORAS ACUMULADAS
A34: Ayudante | B34: Engel Jose Brenes Aleman | C34: 0.33333333 | D34: 0.70833333 | F34: =SUM(IF(C34="",0,IF(C34<TIME(8,0,0),TIME(8,0,0)-C34,0))) -> 0 | G34: =SUM( IF(OR(C34="",D34=""),0,MAX(0,IF(D34<C34,D34+1,D34)-MAX(C34,TIME(17,0,0))))) -> 0 | H34: =G34+F34 -> 0
A35: Ayudante | B35: Ricky Nelson Bonilla Villagra | C35: 0.33333333 | D35: 0.70833333 | F35: =SUM(IF(C35="",0,IF(C35<TIME(8,0,0),TIME(8,0,0)-C35,0))) -> 0 | G35: =SUM( IF(OR(C35="",D35=""),0,MAX(0,IF(D35<C35,D35+1,D35)-MAX(C35,TIME(17,0,0))))) -> 0 | H35: =G35+F35 -> 0
A36: Ayudante | B36: Diego Manuel Potoy Vanegas | C36: 0.33333333 | D36: 0.70833333 | F36: =SUM(IF(C36="",0,IF(C36<TIME(8,0,0),TIME(8,0,0)-C36,0))) -> 0 | G36: =SUM( IF(OR(C36="",D36=""),0,MAX(0,IF(D36<C36,D36+1,D36)-MAX(C36,TIME(17,0,0))))) -> 0 | H36: =G36+F36 -> 0
A37: Ayudante | B37: Henry Alberto Arevalo Velasquez | C37: 0.33333333 | D37: 0.70833333 | F37: =SUM(IF(C37="",0,IF(C37<TIME(8,0,0),TIME(8,0,0)-C37,0))) -> 0 | G37: =SUM( IF(OR(C37="",D37=""),0,MAX(0,IF(D37<C37,D37+1,D37)-MAX(C37,TIME(17,0,0))))) -> 0 | H37: =G37+F37 -> 0
A38: Ayudante | B38: Magdiel Daniel Cruz Aleman | C38: 0.33333333 | D38: 0.70833333 | F38: =SUM(IF(C38="",0,IF(C38<TIME(8,0,0),TIME(8,0,0)-C38,0))) -> 0 | G38: =SUM( IF(OR(C38="",D38=""),0,MAX(0,IF(D38<C38,D38+1,D38)-MAX(C38,TIME(17,0,0))))) -> 0 | H38: =G38+F38 -> 0
A39: Ayudante | B39: Carlos Jose Villavicencio Silva | C39: 0.33333333 | D39: 0.70833333 | F39: =SUM(IF(C39="",0,IF(C39<TIME(8,0,0),TIME(8,0,0)-C39,0))) -> 0 | G39: =SUM( IF(OR(C39="",D39=""),0,MAX(0,IF(D39<C39,D39+1,D39)-MAX(C39,TIME(17,0,0))))) -> 0 | H39: =G39+F39 -> 0
A40: Ayudante | B40: Einer Eliasar Lopez Hernandez | C40: 0.26388889 | D40: 0.6875 | F40: =SUM(IF(C40="",0,IF(C40<TIME(8,0,0),TIME(8,0,0)-C40,0))) -> 0.069444444 | G40: =SUM( IF(OR(C40="",D40=""),0,MAX(0,IF(D40<C40,D40+1,D40)-MAX(C40,TIME(17,0,0))))) -> 0 | H40: =G40+F40 -> 0.069444444 | I40: DEDUCIDO POR HORAS ACUMULADAS
A41: Ayudante | B41: Walter Roberto Vasquez Ramos | C41: A CUENTAS DE HORAS ACUMULADAS
A42: Ayudante | B42: Joel Alfonso Rocha Guzman | C42: 0.33333333 | D42: 0.70833333 | F42: =SUM(IF(C42="",0,IF(C42<TIME(8,0,0),TIME(8,0,0)-C42,0))) -> 0 | G42: =SUM( IF(OR(C42="",D42=""),0,MAX(0,IF(D42<C42,D42+1,D42)-MAX(C42,TIME(17,0,0))))) -> 0 | H42: =G42+F42 -> 0
A43: Ayudante | B43: Edwin de Jesus Aleman Davila | C43: 0.33333333 | D43: 0.70833333 | F43: =SUM(IF(C43="",0,IF(C43<TIME(8,0,0),TIME(8,0,0)-C43,0))) -> 0 | G43: =SUM( IF(OR(C43="",D43=""),0,MAX(0,IF(D43<C43,D43+1,D43)-MAX(C43,TIME(17,0,0))))) -> 0 | H43: =G43+F43 -> 0
A44: Ayudante | B44: Marvin Josue Martinez Canales | C44: 0.33333333 | D44: 0.70833333 | F44: =SUM(IF(C44="",0,IF(C44<TIME(8,0,0),TIME(8,0,0)-C44,0))) -> 0 | G44: =SUM( IF(OR(C44="",D44=""),0,MAX(0,IF(D44<C44,D44+1,D44)-MAX(C44,TIME(17,0,0))))) -> 0 | H44: =G44+F44 -> 0
A45: Ayudante | B45: Moises Abraham Balmaceda Gusman | C45: 0.25 | D45: 0.70138889 | F45: =SUM(IF(C45="",0,IF(C45<TIME(8,0,0),TIME(8,0,0)-C45,0))) -> 0.083333333 | G45: =SUM( IF(OR(C45="",D45=""),0,MAX(0,IF(D45<C45,D45+1,D45)-MAX(C45,TIME(17,0,0))))) -> 0 | H45: =G45+F45 -> 0.083333333 | I45: DEDUCIDO POR HORAS ACUMULADAS
A46: Ayudante | B46: Juan Rafael Ordoñez Muñoz | C46: VACACIONES
A47: Ayudante | B47: Daylan Jose Gonzalez Velasquez | C47: 0.33333333 | D47: 0.70833333 | F47: =SUM(IF(C47="",0,IF(C47<TIME(8,0,0),TIME(8,0,0)-C47,0))) -> 0 | G47: =SUM( IF(OR(C47="",D47=""),0,MAX(0,IF(D47<C47,D47+1,D47)-MAX(C47,TIME(17,0,0))))) -> 0 | H47: =G47+F47 -> 0
A48: Ayudante | B48: Josue Antonio Davila Davila | C48: 0.33333333 | D48: 0.70833333 | F48: =SUM(IF(C48="",0,IF(C48<TIME(8,0,0),TIME(8,0,0)-C48,0))) -> 0 | G48: =SUM( IF(OR(C48="",D48=""),0,MAX(0,IF(D48<C48,D48+1,D48)-MAX(C48,TIME(17,0,0))))) -> 0 | H48: =G48+F48 -> 0
A49: Ayudante | B49: Elias Alexander Lopez Roque | C49: 0.33333333 | D49: 0.70833333 | F49: =SUM(IF(C49="",0,IF(C49<TIME(8,0,0),TIME(8,0,0)-C49,0))) -> 0 | G49: =SUM( IF(OR(C49="",D49=""),0,MAX(0,IF(D49<C49,D49+1,D49)-MAX(C49,TIME(17,0,0))))) -> 0 | H49: =G49+F49 -> 0
A50: Ayudante | B50: Moises Israel Esquivel Sequeira | C50: 0.25 | D50: 0.70138889 | F50: =SUM(IF(C50="",0,IF(C50<TIME(8,0,0),TIME(8,0,0)-C50,0))) -> 0.083333333 | G50: =SUM( IF(OR(C50="",D50=""),0,MAX(0,IF(D50<C50,D50+1,D50)-MAX(C50,TIME(17,0,0))))) -> 0 | H50: =G50+F50 -> 0.083333333 | I50: DEDUCIDO POR HORAS ACUMULADAS
A51: Ayudante | B51: Anderson Agurto Martinez Avilez | C51: 0.3125 | D51: 0.70833333 | F51: =SUM(IF(C51="",0,IF(C51<TIME(8,0,0),TIME(8,0,0)-C51,0))) -> 0.020833333 | G51: =SUM( IF(OR(C51="",D51=""),0,MAX(0,IF(D51<C51,D51+1,D51)-MAX(C51,TIME(17,0,0))))) -> 0 | H51: =G51+F51 -> 0.020833333
A52: Admon. Bodega | B52: Harinto Jose Rodriguez Cruz | C52: 0.33333333 | D52: 0.79513889 | F52: =SUM(IF(C52="",0,IF(C52<TIME(8,0,0),TIME(8,0,0)-C52,0))) -> 0 | G52: =SUM( IF(OR(C52="",D52=""),0,MAX(0,IF(D52<C52,D52+1,D52)-MAX(C52,TIME(17,0,0))))) -> 0.086805556 | H52: =G52+F52 -> 0.086805556
A53: Ayudante | B53: Erving Antonio Rios Cardenas | C53: 0.29166667 | D53: 0.75 | F53: =SUM(IF(C53="",0,IF(C53<TIME(8,0,0),TIME(8,0,0)-C53,0))) -> 0.041666667 | G53: =SUM( IF(OR(C53="",D53=""),0,MAX(0,IF(D53<C53,D53+1,D53)-MAX(C53,TIME(17,0,0))))) -> 0.041666667 | H53: =G53+F53 -> 0.083333333
A54: Ayudante | B54: Cesar Ramon Roa | C54: 0.33333333 | D54: 0.70833333 | F54: =SUM(IF(C54="",0,IF(C54<TIME(8,0,0),TIME(8,0,0)-C54,0))) -> 0 | G54: =SUM( IF(OR(C54="",D54=""),0,MAX(0,IF(D54<C54,D54+1,D54)-MAX(C54,TIME(17,0,0))))) -> 0 | H54: =G54+F54 -> 0
A55: Ayudante | B55: Byron Omar Arburola Hernandez | C55: 0.33333333 | D55: 0.70833333 | F55: =SUM(IF(C55="",0,IF(C55<TIME(8,0,0),TIME(8,0,0)-C55,0))) -> 0 | G55: =SUM( IF(OR(C55="",D55=""),0,MAX(0,IF(D55<C55,D55+1,D55)-MAX(C55,TIME(17,0,0))))) -> 0 | H55: =G55+F55 -> 0
A56: Ayudante | B56: Segundo Noel Pichardo Solis | C56: 0.29166667 | D56: 0.73611111 | F56: =SUM(IF(C56="",0,IF(C56<TIME(8,0,0),TIME(8,0,0)-C56,0))) -> 0.041666667 | G56: =SUM( IF(OR(C56="",D56=""),0,MAX(0,IF(D56<C56,D56+1,D56)-MAX(C56,TIME(17,0,0))))) -> 0.027777778 | H56: =G56+F56 -> 0.069444444
A57: Ayudante | B57: Erick Jose Hernandez Palacios | C57: 0.33333333 | D57: 0.70833333 | F57: =SUM(IF(C57="",0,IF(C57<TIME(8,0,0),TIME(8,0,0)-C57,0))) -> 0 | G57: =SUM( IF(OR(C57="",D57=""),0,MAX(0,IF(D57<C57,D57+1,D57)-MAX(C57,TIME(17,0,0))))) -> 0 | H57: =G57+F57 -> 0
A58: Ayudante | B58: Alexis Alexander González García | C58: 0.33333333 | D58: 0.75416667 | F58: =SUM(IF(C58="",0,IF(C58<TIME(8,0,0),TIME(8,0,0)-C58,0))) -> 0 | G58: =SUM( IF(OR(C58="",D58=""),0,MAX(0,IF(D58<C58,D58+1,D58)-MAX(C58,TIME(17,0,0))))) -> 0.045833333 | H58: =G58+F58 -> 0.045833333
A59: Ayudante | B59: Manuel Ignacio Cañete Guerrero | C59: 0.33333333 | D59: 0.70833333 | F59: =SUM(IF(C59="",0,IF(C59<TIME(8,0,0),TIME(8,0,0)-C59,0))) -> 0 | G59: =SUM( IF(OR(C59="",D59=""),0,MAX(0,IF(D59<C59,D59+1,D59)-MAX(C59,TIME(17,0,0))))) -> 0 | H59: =G59+F59 -> 0
A60: Ayudante | B60: Guillermo José Reyes Fernández | C60: 0.33333333 | D60: 0.70833333 | F60: =SUM(IF(C60="",0,IF(C60<TIME(8,0,0),TIME(8,0,0)-C60,0))) -> 0 | G60: =SUM( IF(OR(C60="",D60=""),0,MAX(0,IF(D60<C60,D60+1,D60)-MAX(C60,TIME(17,0,0))))) -> 0 | H60: =G60+F60 -> 0
A61: Admon. Bodega | B61: Erick Torrez | C61: 0.33333333 | D61: 0.79513889 | F61: =SUM(IF(C61="",0,IF(C61<TIME(8,0,0),TIME(8,0,0)-C61,0))) -> 0 | G61: =SUM( IF(OR(C61="",D61=""),0,MAX(0,IF(D61<C61,D61+1,D61)-MAX(C61,TIME(17,0,0))))) -> 0.086805556 | H61: =G61+F61 -> 0.086805556
H62: =SUM(H3:H61) -> 1.5652778

Sheet 07-09
B1: 0.33333333 | D1: REPORTE DE ASISTENCIA 07 DE SEPTIEMBRE DEL 2026.
A2: Cargo | B2: Nombre | C2: Entrada | D2: Salida | E2: Llegada Tarde | F2: HORAS ACUMULADAS ENTRADA | G2: HORAS ACUMULADAS SALIDAS | H2: Total | I2: Observaciones
A3: Supervisor | B3: David Castillo Martínez | C3: SUBSIDIO
A4: Admon. Bodega | B4: Lenin Amigo de Saul Mendoza Chavarria | C4: 0.33333333 | D4: 0.70833333 | F4: =SUM(IF(C4="",0,IF(C4<TIME(8,0,0),TIME(8,0,0)-C4,0))) -> 0 | G4: =SUM( IF(OR(C4="",D4=""),0,MAX(0,IF(D4<C4,D4+1,D4)-MAX(C4,TIME(17,0,0))))) -> 0 | H4: =G4+F4 -> 0
A5: Admon. Bodega | B5: Jose De Jesus Gaitan Lovo | C5: 0.33333333 | D5: 0.70833333 | F5: =SUM(IF(C5="",0,IF(C5<TIME(8,0,0),TIME(8,0,0)-C5,0))) -> 0 | G5: =SUM( IF(OR(C5="",D5=""),0,MAX(0,IF(D5<C5,D5+1,D5)-MAX(C5,TIME(17,0,0))))) -> 0 | H5: =G5+F5 -> 0
A6: Admon. Bodega | B6: Fernando Mauricio Salazar | C6: 0.38402778 | D6: 0.70833333 | F6: =SUM(IF(C6="",0,IF(C6<TIME(8,0,0),TIME(8,0,0)-C6,0))) -> 0 | G6: =SUM( IF(OR(C6="",D6=""),0,MAX(0,IF(D6<C6,D6+1,D6)-MAX(C6,TIME(17,0,0))))) -> 0 | H6: =G6+F6 -> 0 | I6: DEDUCIDO POR HORAS ACUMULADAS
A7: Admon. Bodega | B7: Elvis Anthony Martinez Hernandez | C7: 0.33333333 | D7: 0.70833333 | F7: =SUM(IF(C7="",0,IF(C7<TIME(8,0,0),TIME(8,0,0)-C7,0))) -> 0 | G7: =SUM( IF(OR(C7="",D7=""),0,MAX(0,IF(D7<C7,D7+1,D7)-MAX(C7,TIME(17,0,0))))) -> 0 | H7: =G7+F7 -> 0
A8: Conductor | B8: Denis Alberto Lopez Gonzaga | C8: 0.33333333 | D8: 0.70833333 | F8: =SUM(IF(C8="",0,IF(C8<TIME(8,0,0),TIME(8,0,0)-C8,0))) -> 0 | G8: =SUM( IF(OR(C8="",D8=""),0,MAX(0,IF(D8<C8,D8+1,D8)-MAX(C8,TIME(17,0,0))))) -> 0 | H8: =G8+F8 -> 0
A9: Conductor | B9: Jose Gabriel Herrera | C9: 0.33333333 | D9: 0.70833333 | F9: =SUM(IF(C9="",0,IF(C9<TIME(8,0,0),TIME(8,0,0)-C9,0))) -> 0 | G9: =SUM( IF(OR(C9="",D9=""),0,MAX(0,IF(D9<C9,D9+1,D9)-MAX(C9,TIME(17,0,0))))) -> 0 | H9: =G9+F9 -> 0
A10: Conductor | B10: Francisco Valerio Altamirano | C10: A CUENTAS DE HORAS ACUMULADAS
A11: Conductor | B11: Manuel Salvador Centeno Salinas | C11: 0.29166667 | D11: 0.70833333 | F11: =SUM(IF(C11="",0,IF(C11<TIME(8,0,0),TIME(8,0,0)-C11,0))) -> 0.041666667 | G11: =SUM( IF(OR(C11="",D11=""),0,MAX(0,IF(D11<C11,D11+1,D11)-MAX(C11,TIME(17,0,0))))) -> 0 | H11: =G11+F11 -> 0.041666667
A12: Conductor | B12: Bayardo Benjamin Moran Lopez | C12: 0.33333333 | D12: 0.70833333 | F12: =SUM(IF(C12="",0,IF(C12<TIME(8,0,0),TIME(8,0,0)-C12,0))) -> 0 | G12: =SUM( IF(OR(C12="",D12=""),0,MAX(0,IF(D12<C12,D12+1,D12)-MAX(C12,TIME(17,0,0))))) -> 0 | H12: =G12+F12 -> 0
A13: Conductor | B13: Emerson Alberto Diaz Mendoza | C13: SUBSIDIO
A14: Conductor | B14: David Uriel Zamora Martinez | C14: 0.33333333 | D14: 0.70833333 | F14: =SUM(IF(C14="",0,IF(C14<TIME(8,0,0),TIME(8,0,0)-C14,0))) -> 0 | G14: =SUM( IF(OR(C14="",D14=""),0,MAX(0,IF(D14<C14,D14+1,D14)-MAX(C14,TIME(17,0,0))))) -> 0 | H14: =G14+F14 -> 0
A15: Conductor | B15: Jorge Luis Telleria | C15: 0.26388889 | D15: 0.70833333 | F15: =SUM(IF(C15="",0,IF(C15<TIME(8,0,0),TIME(8,0,0)-C15,0))) -> 0.069444444 | G15: =SUM( IF(OR(C15="",D15=""),0,MAX(0,IF(D15<C15,D15+1,D15)-MAX(C15,TIME(17,0,0))))) -> 0 | H15: =G15+F15 -> 0.069444444
A16: Conductor | B16: Alejandro Jose Castro Jarquin | C16: 0.33333333 | D16: 0.70833333 | F16: =SUM(IF(C16="",0,IF(C16<TIME(8,0,0),TIME(8,0,0)-C16,0))) -> 0 | G16: =SUM( IF(OR(C16="",D16=""),0,MAX(0,IF(D16<C16,D16+1,D16)-MAX(C16,TIME(17,0,0))))) -> 0 | H16: =G16+F16 -> 0
A17: Conductor | B17: Juan Francisco Narvaez Molina | C17: 0.33333333 | D17: 0.70833333 | F17: =SUM(IF(C17="",0,IF(C17<TIME(8,0,0),TIME(8,0,0)-C17,0))) -> 0 | G17: =SUM( IF(OR(C17="",D17=""),0,MAX(0,IF(D17<C17,D17+1,D17)-MAX(C17,TIME(17,0,0))))) -> 0 | H17: =G17+F17 -> 0
A18: Conductor | B18: Fernando Antonio Centeno Gaitan | C18: A CUENTAS DE HORAS ACUMULADAS
A19: Conductor | B19: Richard Antonio Carrion Alvarez | C19: 0.33333333 | D19: 0.70833333 | F19: =SUM(IF(C19="",0,IF(C19<TIME(8,0,0),TIME(8,0,0)-C19,0))) -> 0 | G19: =SUM( IF(OR(C19="",D19=""),0,MAX(0,IF(D19<C19,D19+1,D19)-MAX(C19,TIME(17,0,0))))) -> 0 | H19: =G19+F19 -> 0
A20: Conductor | B20: Dietrich Rafael Bone Burgos | C20: VACACIONES
A21: Conductor | B21: Juan Abrahán Duran Tercero | C21: 0.33333333 | D21: 0.70833333 | F21: =SUM(IF(C21="",0,IF(C21<TIME(8,0,0),TIME(8,0,0)-C21,0))) -> 0 | G21: =SUM( IF(OR(C21="",D21=""),0,MAX(0,IF(D21<C21,D21+1,D21)-MAX(C21,TIME(17,0,0))))) -> 0 | H21: =G21+F21 -> 0
A22: Conductor | B22: Orlando José Ayerdis Barrios | C22: 0.33333333 | D22: 0.70833333 | F22: =SUM(IF(C22="",0,IF(C22<TIME(8,0,0),TIME(8,0,0)-C22,0))) -> 0 | G22: =SUM( IF(OR(C22="",D22=""),0,MAX(0,IF(D22<C22,D22+1,D22)-MAX(C22,TIME(17,0,0))))) -> 0 | H22: =G22+F22 -> 0
A23: Ayudante | B23: Walter Bernardino Aburto Maltez | C23: 0.33333333 | D23: 0.70833333 | F23: =SUM(IF(C23="",0,IF(C23<TIME(8,0,0),TIME(8,0,0)-C23,0))) -> 0 | G23: =SUM( IF(OR(C23="",D23=""),0,MAX(0,IF(D23<C23,D23+1,D23)-MAX(C23,TIME(17,0,0))))) -> 0 | H23: =G23+F23 -> 0
A24: Ayudante | B24: Bismarck Antonio Perez Aburto | C24: 0.33333333 | D24: 0.70833333 | F24: =SUM(IF(C24="",0,IF(C24<TIME(8,0,0),TIME(8,0,0)-C24,0))) -> 0 | G24: =SUM( IF(OR(C24="",D24=""),0,MAX(0,IF(D24<C24,D24+1,D24)-MAX(C24,TIME(17,0,0))))) -> 0 | H24: =G24+F24 -> 0
A25: Ayudante | B25: Jose Ariel Espinoza Parrales | C25: 0.33333333 | D25: 0.70833333 | F25: =SUM(IF(C25="",0,IF(C25<TIME(8,0,0),TIME(8,0,0)-C25,0))) -> 0 | G25: =SUM( IF(OR(C25="",D25=""),0,MAX(0,IF(D25<C25,D25+1,D25)-MAX(C25,TIME(17,0,0))))) -> 0 | H25: =G25+F25 -> 0
A26: Ayudante | B26: Yaro de Jesus Castillo Muñoz | C26: 0.33333333 | D26: 0.70833333 | F26: =SUM(IF(C26="",0,IF(C26<TIME(8,0,0),TIME(8,0,0)-C26,0))) -> 0 | G26: =SUM( IF(OR(C26="",D26=""),0,MAX(0,IF(D26<C26,D26+1,D26)-MAX(C26,TIME(17,0,0))))) -> 0 | H26: =G26+F26 -> 0
A27: Ayudante | B27: Orlando De Jesus Ruiz Ramirez | C27: 0.33333333 | D27: 0.70833333 | F27: =SUM(IF(C27="",0,IF(C27<TIME(8,0,0),TIME(8,0,0)-C27,0))) -> 0 | G27: =SUM( IF(OR(C27="",D27=""),0,MAX(0,IF(D27<C27,D27+1,D27)-MAX(C27,TIME(17,0,0))))) -> 0 | H27: =G27+F27 -> 0
A28: Ayudante | B28: Roberto Jose Arauz Alvarado | C28: 0.33333333 | D28: 0.70833333 | F28: =SUM(IF(C28="",0,IF(C28<TIME(8,0,0),TIME(8,0,0)-C28,0))) -> 0 | G28: =SUM( IF(OR(C28="",D28=""),0,MAX(0,IF(D28<C28,D28+1,D28)-MAX(C28,TIME(17,0,0))))) -> 0 | H28: =G28+F28 -> 0
A29: Ayudante | B29: Luis Omar Campos Connolly | C29: 0.26388889 | D29: 0.70833333 | F29: =SUM(IF(C29="",0,IF(C29<TIME(8,0,0),TIME(8,0,0)-C29,0))) -> 0.069444444 | G29: =SUM( IF(OR(C29="",D29=""),0,MAX(0,IF(D29<C29,D29+1,D29)-MAX(C29,TIME(17,0,0))))) -> 0 | H29: =G29+F29 -> 0.069444444
A30: Ayudante | B30: Emilio Humberto Alegria Sanchez | C30: SUBSIDIO
A31: Ayudante | B31: Pablo Javier Berrios Sotelo | C31: 0.33333333 | D31: 0.70833333 | F31: =SUM(IF(C31="",0,IF(C31<TIME(8,0,0),TIME(8,0,0)-C31,0))) -> 0 | G31: =SUM( IF(OR(C31="",D31=""),0,MAX(0,IF(D31<C31,D31+1,D31)-MAX(C31,TIME(17,0,0))))) -> 0 | H31: =G31+F31 -> 0
A32: Ayudante | B32: Ramiro Isaac Solano Flores | C32: 0.33333333 | D32: 0.70833333 | F32: =SUM(IF(C32="",0,IF(C32<TIME(8,0,0),TIME(8,0,0)-C32,0))) -> 0 | G32: =SUM( IF(OR(C32="",D32=""),0,MAX(0,IF(D32<C32,D32+1,D32)-MAX(C32,TIME(17,0,0))))) -> 0 | H32: =G32+F32 -> 0
A33: Ayudante | B33: Reggie Sanders Rodriguez Tellez | C33: A CUENTAS DE HORAS ACUMULADAS
A34: Ayudante | B34: Engel Jose Brenes Aleman | C34: 0.33333333 | D34: 0.70833333 | F34: =SUM(IF(C34="",0,IF(C34<TIME(8,0,0),TIME(8,0,0)-C34,0))) -> 0 | G34: =SUM( IF(OR(C34="",D34=""),0,MAX(0,IF(D34<C34,D34+1,D34)-MAX(C34,TIME(17,0,0))))) -> 0 | H34: =G34+F34 -> 0
A35: Ayudante | B35: Ricky Nelson Bonilla Villagra | C35: 0.33333333 | D35: 0.70833333 | F35: =SUM(IF(C35="",0,IF(C35<TIME(8,0,0),TIME(8,0,0)-C35,0))) -> 0 | G35: =SUM( IF(OR(C35="",D35=""),0,MAX(0,IF(D35<C35,D35+1,D35)-MAX(C35,TIME(17,0,0))))) -> 0 | H35: =G35+F35 -> 0
A36: Ayudante | B36: Diego Manuel Potoy Vanegas | C36: 0.33333333 | D36: 0.70833333 | F36: =SUM(IF(C36="",0,IF(C36<TIME(8,0,0),TIME(8,0,0)-C36,0))) -> 0 | G36: =SUM( IF(OR(C36="",D36=""),0,MAX(0,IF(D36<C36,D36+1,D36)-MAX(C36,TIME(17,0,0))))) -> 0 | H36: =G36+F36 -> 0
A37: Ayudante | B37: Henry Alberto Arevalo Velasquez | C37: 0.33333333 | D37: 0.70833333 | F37: =SUM(IF(C37="",0,IF(C37<TIME(8,0,0),TIME(8,0,0)-C37,0))) -> 0 | G37: =SUM( IF(OR(C37="",D37=""),0,MAX(0,IF(D37<C37,D37+1,D37)-MAX(C37,TIME(17,0,0))))) -> 0 | H37: =G37+F37 -> 0
A38: Ayudante | B38: Magdiel Daniel Cruz Aleman | C38: 0.33333333 | D38: 0.70833333 | F38: =SUM(IF(C38="",0,IF(C38<TIME(8,0,0),TIME(8,0,0)-C38,0))) -> 0 | G38: =SUM( IF(OR(C38="",D38=""),0,MAX(0,IF(D38<C38,D38+1,D38)-MAX(C38,TIME(17,0,0))))) -> 0 | H38: =G38+F38 -> 0
A39: Ayudante | B39: Carlos Jose Villavicencio Silva | C39: 0.33333333 | D39: 0.70833333 | F39: =SUM(IF(C39="",0,IF(C39<TIME(8,0,0),TIME(8,0,0)-C39,0))) -> 0 | G39: =SUM( IF(OR(C39="",D39=""),0,MAX(0,IF(D39<C39,D39+1,D39)-MAX(C39,TIME(17,0,0))))) -> 0 | H39: =G39+F39 -> 0
A40: Ayudante | B40: Einer Eliasar Lopez Hernandez | C40: 0.33333333 | D40: 0.70833333 | F40: =SUM(IF(C40="",0,IF(C40<TIME(8,0,0),TIME(8,0,0)-C40,0))) -> 0 | G40: =SUM( IF(OR(C40="",D40=""),0,MAX(0,IF(D40<C40,D40+1,D40)-MAX(C40,TIME(17,0,0))))) -> 0 | H40: =G40+F40 -> 0
A41: Ayudante | B41: Walter Roberto Vasquez Ramos | C41: 0.33333333 | D41: 0.70833333 | F41: =SUM(IF(C41="",0,IF(C41<TIME(8,0,0),TIME(8,0,0)-C41,0))) -> 0 | G41: =SUM( IF(OR(C41="",D41=""),0,MAX(0,IF(D41<C41,D41+1,D41)-MAX(C41,TIME(17,0,0))))) -> 0 | H41: =G41+F41 -> 0
A42: Ayudante | B42: Joel Alfonso Rocha Guzman | C42: 0.33333333 | D42: 0.70833333 | F42: =SUM(IF(C42="",0,IF(C42<TIME(8,0,0),TIME(8,0,0)-C42,0))) -> 0 | G42: =SUM( IF(OR(C42="",D42=""),0,MAX(0,IF(D42<C42,D42+1,D42)-MAX(C42,TIME(17,0,0))))) -> 0 | H42: =G42+F42 -> 0
A43: Ayudante | B43: Edwin de Jesus Aleman Davila | C43: 0.33333333 | D43: 0.70833333 | F43: =SUM(IF(C43="",0,IF(C43<TIME(8,0,0),TIME(8,0,0)-C43,0))) -> 0 | G43: =SUM( IF(OR(C43="",D43=""),0,MAX(0,IF(D43<C43,D43+1,D43)-MAX(C43,TIME(17,0,0))))) -> 0 | H43: =G43+F43 -> 0
A44: Ayudante | B44: Marvin Josue Martinez Canales | C44: 0.33333333 | D44: 0.70833333 | F44: =SUM(IF(C44="",0,IF(C44<TIME(8,0,0),TIME(8,0,0)-C44,0))) -> 0 | G44: =SUM( IF(OR(C44="",D44=""),0,MAX(0,IF(D44<C44,D44+1,D44)-MAX(C44,TIME(17,0,0))))) -> 0 | H44: =G44+F44 -> 0
A45: Ayudante | B45: Moises Abraham Balmaceda Gusman | C45: 0.33333333 | D45: 0.70833333 | F45: =SUM(IF(C45="",0,IF(C45<TIME(8,0,0),TIME(8,0,0)-C45,0))) -> 0 | G45: =SUM( IF(OR(C45="",D45=""),0,MAX(0,IF(D45<C45,D45+1,D45)-MAX(C45,TIME(17,0,0))))) -> 0 | H45: =G45+F45 -> 0
A46: Ayudante | B46: Juan Rafael Ordoñez Muñoz | C46: VACACIONES
A47: Ayudante | B47: Daylan Jose Gonzalez Velasquez | C47: 0.33333333 | D47: 0.70833333 | F47: =SUM(IF(C47="",0,IF(C47<TIME(8,0,0),TIME(8,0,0)-C47,0))) -> 0 | G47: =SUM( IF(OR(C47="",D47=""),0,MAX(0,IF(D47<C47,D47+1,D47)-MAX(C47,TIME(17,0,0))))) -> 0 | H47: =G47+F47 -> 0
A48: Ayudante | B48: Josue Antonio Davila Davila | C48: 0.33333333 | D48: 0.70833333 | F48: =SUM(IF(C48="",0,IF(C48<TIME(8,0,0),TIME(8,0,0)-C48,0))) -> 0 | G48: =SUM( IF(OR(C48="",D48=""),0,MAX(0,IF(D48<C48,D48+1,D48)-MAX(C48,TIME(17,0,0))))) -> 0 | H48: =G48+F48 -> 0
A49: Ayudante | B49: Elias Alexander Lopez Roque | C49: 0.33333333 | D49: 0.70833333 | F49: =SUM(IF(C49="",0,IF(C49<TIME(8,0,0),TIME(8,0,0)-C49,0))) -> 0 | G49: =SUM( IF(OR(C49="",D49=""),0,MAX(0,IF(D49<C49,D49+1,D49)-MAX(C49,TIME(17,0,0))))) -> 0 | H49: =G49+F49 -> 0
A50: Ayudante | B50: Enmanuel Francisco Perez Molina | C50: 0.33333333 | D50: 0.70833333 | F50: =SUM(IF(C50="",0,IF(C50<TIME(8,0,0),TIME(8,0,0)-C50,0))) -> 0 | G50: =SUM( IF(OR(C50="",D50=""),0,MAX(0,IF(D50<C50,D50+1,D50)-MAX(C50,TIME(17,0,0))))) -> 0 | H50: =G50+F50 -> 0
A51: Ayudante | B51: Moises Israel Esquivel Sequeira | C51: 0.33333333 | D51: 0.70833333 | F51: =SUM(IF(C51="",0,IF(C51<TIME(8,0,0),TIME(8,0,0)-C51,0))) -> 0 | G51: =SUM( IF(OR(C51="",D51=""),0,MAX(0,IF(D51<C51,D51+1,D51)-MAX(C51,TIME(17,0,0))))) -> 0 | H51: =G51+F51 -> 0
A52: Ayudante | B52: Anderson Agurto Martinez Avilez | C52: 0.33333333 | D52: 0.70833333 | F52: =SUM(IF(C52="",0,IF(C52<TIME(8,0,0),TIME(8,0,0)-C52,0))) -> 0 | G52: =SUM( IF(OR(C52="",D52=""),0,MAX(0,IF(D52<C52,D52+1,D52)-MAX(C52,TIME(17,0,0))))) -> 0 | H52: =G52+F52 -> 0
A53: Ayudante | B53: Junior De Jesus Lezama Ramirez | C53: 0.33333333 | D53: 0.70833333 | F53: =SUM(IF(C53="",0,IF(C53<TIME(8,0,0),TIME(8,0,0)-C53,0))) -> 0 | G53: =SUM( IF(OR(C53="",D53=""),0,MAX(0,IF(D53<C53,D53+1,D53)-MAX(C53,TIME(17,0,0))))) -> 0 | H53: =G53+F53 -> 0
A54: Admon. Bodega | B54: Harinto Jose Rodriguez Cruz | C54: 0.33333333 | D54: 0.70833333 | F54: =SUM(IF(C54="",0,IF(C54<TIME(8,0,0),TIME(8,0,0)-C54,0))) -> 0 | G54: =SUM( IF(OR(C54="",D54=""),0,MAX(0,IF(D54<C54,D54+1,D54)-MAX(C54,TIME(17,0,0))))) -> 0 | H54: =G54+F54 -> 0
A55: Ayudante | B55: Erving Antonio Rios Cardenas | C55: 0.33333333 | D55: 0.70833333 | F55: =SUM(IF(C55="",0,IF(C55<TIME(8,0,0),TIME(8,0,0)-C55,0))) -> 0 | G55: =SUM( IF(OR(C55="",D55=""),0,MAX(0,IF(D55<C55,D55+1,D55)-MAX(C55,TIME(17,0,0))))) -> 0 | H55: =G55+F55 -> 0
A56: Ayudante | B56: Cesar Ramon Roa | C56: 0.33333333 | D56: 0.70833333 | F56: =SUM(IF(C56="",0,IF(C56<TIME(8,0,0),TIME(8,0,0)-C56,0))) -> 0 | G56: =SUM( IF(OR(C56="",D56=""),0,MAX(0,IF(D56<C56,D56+1,D56)-MAX(C56,TIME(17,0,0))))) -> 0 | H56: =G56+F56 -> 0
A57: Ayudante | B57: Byron Omar Arburola Hernandez | C57: 0.33333333 | D57: 0.70833333 | F57: =SUM(IF(C57="",0,IF(C57<TIME(8,0,0),TIME(8,0,0)-C57,0))) -> 0 | G57: =SUM( IF(OR(C57="",D57=""),0,MAX(0,IF(D57<C57,D57+1,D57)-MAX(C57,TIME(17,0,0))))) -> 0 | H57: =G57+F57 -> 0
A58: Ayudante | B58: Segundo Noel Pichardo Solis | C58: 0.33333333 | D58: 0.70833333 | F58: =SUM(IF(C58="",0,IF(C58<TIME(8,0,0),TIME(8,0,0)-C58,0))) -> 0 | G58: =SUM( IF(OR(C58="",D58=""),0,MAX(0,IF(D58<C58,D58+1,D58)-MAX(C58,TIME(17,0,0))))) -> 0 | H58: =G58+F58 -> 0
... A62: Ayudante | B62: Guillermo José Reyes Fernández | C62: 0.33333333 | D62: 0.70833333 | F62: =SUM(IF(C62="",0,IF(C62<TIME(8,0,0),TIME(8,0,0)-C62,0))) -> 0 | G62: =SUM( IF(OR(C62="",D62=""),0,MAX(0,IF(D62<C62,D62+1,D62)-MAX(C62,TIME(17,0,0))))) -> 0 | H62: =G62+F62 -> 0
H63: =SUM(H3:H62) -> 0.18055556

Sheet 05-09
B1: 0.33333333 | D1: REPORTE DE ASISTENCIA 05 DE SEPTIEMBRE DEL 2026.
A2: Cargo | B2: Nombre | C2: Entrada | D2: Salida | E2: Llegada Tarde | F2: HORAS ACUMULADAS ENTRADA | G2: HORAS ACUMULADAS SALIDAS | H2: Total | I2: Observaciones
A3: Supervisor | B3: David Castillo Martínez | C3: SUBSIDIO
A4: Admon. Bodega | B4: Lenin Amigo de Saul Mendoza Chavarria | C4: 0.33333333 | D4: 0.5625 | F4: =SUM(IF(C4="",0,IF(C4<TIME(8,0,0),TIME(8,0,0)-C4,0))) -> 0 | G4: =SUM( IF(OR(C4="",D4=""),0,MAX(0,IF(D4<C4,D4+1,D4)-MAX(C4,TIME(12,0,0))))) -> 0.0625 | H4: =G4+F4 -> 0.0625
A5: Admon. Bodega | B5: Jose De Jesus Gaitan Lovo | C5: 0.33333333 | D5: 0.5625 | F5: =SUM(IF(C5="",0,IF(C5<TIME(8,0,0),TIME(8,0,0)-C5,0))) -> 0 | G5: =SUM( IF(OR(C5="",D5=""),0,MAX(0,IF(D5<C5,D5+1,D5)-MAX(C5,TIME(12,0,0))))) -> 0.0625 | H5: =G5+F5 -> 0.0625
A6: Admon. Bodega | B6: Fernando Mauricio Salazar | C6: 0.33333333 | D6: 0.5625 | F6: =SUM(IF(C6="",0,IF(C6<TIME(8,0,0),TIME(8,0,0)-C6,0))) -> 0 | G6: =SUM( IF(OR(C6="",D6=""),0,MAX(0,IF(D6<C6,D6+1,D6)-MAX(C6,TIME(12,0,0))))) -> 0.0625 | H6: =G6+F6 -> 0.0625
A7: Admon. Bodega | B7: Elvis Anthony Martinez Hernandez | C7: 0.33333333 | D7: 0.5625 | F7: =SUM(IF(C7="",0,IF(C7<TIME(8,0,0),TIME(8,0,0)-C7,0))) -> 0 | G7: =SUM( IF(OR(C7="",D7=""),0,MAX(0,IF(D7<C7,D7+1,D7)-MAX(C7,TIME(12,0,0))))) -> 0.0625 | H7: =G7+F7 -> 0.0625
A8: Conductor | B8: Denis Alberto Lopez Gonzaga | C8: 0.33333333 | D8: 0.57152778 | F8: =SUM(IF(C8="",0,IF(C8<TIME(8,0,0),TIME(8,0,0)-C8,0))) -> 0 | G8: =SUM( IF(OR(C8="",D8=""),0,MAX(0,IF(D8<C8,D8+1,D8)-MAX(C8,TIME(12,0,0))))) -> 0.071527778 | H8: =G8+F8 -> 0.071527778
A9: Conductor | B9: Jose Gabriel Herrera | C9: 0.33333333 | D9: 0.52083333 | F9: =SUM(IF(C9="",0,IF(C9<TIME(8,0,0),TIME(8,0,0)-C9,0))) -> 0 | G9: =SUM( IF(OR(C9="",D9=""),0,MAX(0,IF(D9<C9,D9+1,D9)-MAX(C9,TIME(12,0,0))))) -> 0.020833333 | H9: =G9+F9 -> 0.020833333
A10: Conductor | B10: Francisco Valerio Altamirano | C10: 0.33333333 | D10: 0.57638889 | F10: =SUM(IF(C10="",0,IF(C10<TIME(8,0,0),TIME(8,0,0)-C10,0))) -> 0 | G10: =SUM( IF(OR(C10="",D10=""),0,MAX(0,IF(D10<C10,D10+1,D10)-MAX(C10,TIME(12,0,0))))) -> 0.076388889 | H10: =G10+F10 -> 0.076388889
A11: Conductor | B11: Manuel Salvador Centeno Salinas | C11: 0.33333333 | D11: 0.52083333 | F11: =SUM(IF(C11="",0,IF(C11<TIME(8,0,0),TIME(8,0,0)-C11,0))) -> 0 | G11: =SUM( IF(OR(C11="",D11=""),0,MAX(0,IF(D11<C11,D11+1,D11)-MAX(C11,TIME(12,0,0))))) -> 0.020833333 | H11: =G11+F11 -> 0.020833333
A12: Conductor | B12: Bayardo Benjamin Moran Lopez | C12: 0.33333333 | D12: 0.5 | F12: =SUM(IF(C12="",0,IF(C12<TIME(8,0,0),TIME(8,0,0)-C12,0))) -> 0 | G12: =SUM( IF(OR(C12="",D12=""),0,MAX(0,IF(D12<C12,D12+1,D12)-MAX(C12,TIME(12,0,0))))) -> 0 | H12: =G12+F12 -> 0
A13: Conductor | B13: Emerson Alberto Diaz Mendoza | C13: SUBSIDIO
A14: Conductor | B14: David Uriel Zamora Martinez | C14: 0.33333333 | D14: 0.52083333 | F14: =SUM(IF(C14="",0,IF(C14<TIME(8,0,0),TIME(8,0,0)-C14,0))) -> 0 | G14: =SUM( IF(OR(C14="",D14=""),0,MAX(0,IF(D14<C14,D14+1,D14)-MAX(C14,TIME(12,0,0))))) -> 0.020833333 | H14: =G14+F14 -> 0.020833333
A15: Conductor | B15: Jorge Luis Telleria | C15: 0.33333333 | D15: 0.5625 | F15: =SUM(IF(C15="",0,IF(C15<TIME(8,0,0),TIME(8,0,0)-C15,0))) -> 0 | G15: =SUM( IF(OR(C15="",D15=""),0,MAX(0,IF(D15<C15,D15+1,D15)-MAX(C15,TIME(12,0,0))))) -> 0.0625 | H15: =G15+F15 -> 0.0625
A16: Conductor | B16: Alejandro Jose Castro Jarquin | C16: 0.33333333 | D16: 0.52083333 | F16: =SUM(IF(C16="",0,IF(C16<TIME(8,0,0),TIME(8,0,0)-C16,0))) -> 0 | G16: =SUM( IF(OR(C16="",D16=""),0,MAX(0,IF(D16<C16,D16+1,D16)-MAX(C16,TIME(12,0,0))))) -> 0.020833333 | H16: =G16+F16 -> 0.020833333
A17: Conductor | B17: Juan Francisco Narvaez Molina | C17: 0.33333333 | D17: 0.52083333 | F17: =SUM(IF(C17="",0,IF(C17<TIME(8,0,0),TIME(8,0,0)-C17,0))) -> 0 | G17: =SUM( IF(OR(C17="",D17=""),0,MAX(0,IF(D17<C17,D17+1,D17)-MAX(C17,TIME(12,0,0))))) -> 0.020833333 | H17: =G17+F17 -> 0.020833333
A18: Conductor | B18: Fernando Antonio Centeno Gaitan | C18: 0.33333333 | D18: 0.52083333 | F18: =SUM(IF(C18="",0,IF(C18<TIME(8,0,0),TIME(8,0,0)-C18,0))) -> 0 | G18: =SUM( IF(OR(C18="",D18=""),0,MAX(0,IF(D18<C18,D18+1,D18)-MAX(C18,TIME(12,0,0))))) -> 0.020833333 | H18: =G18+F18 -> 0.020833333
A19: Conductor | B19: Richard Antonio Carrion Alvarez | C19: VACACIONES
A20: Conductor | B20: Dietrich Rafael Bone Burgos | C20: VACACIONES
A21: Conductor | B21: Juan Abrahán Duran Tercero | C21: 0.33333333 | D21: 0.52083333 | F21: =SUM(IF(C21="",0,IF(C21<TIME(8,0,0),TIME(8,0,0)-C21,0))) -> 0 | G21: =SUM( IF(OR(C21="",D21=""),0,MAX(0,IF(D21<C21,D21+1,D21)-MAX(C21,TIME(12,0,0))))) -> 0.020833333 | H21: =G21+F21 -> 0.020833333
A22: Conductor | B22: Orlando José Ayerdis Barrios | C22: 0.33333333 | D22: 0.52083333 | F22: =SUM(IF(C22="",0,IF(C22<TIME(8,0,0),TIME(8,0,0)-C22,0))) -> 0 | G22: =SUM( IF(OR(C22="",D22=""),0,MAX(0,IF(D22<C22,D22+1,D22)-MAX(C22,TIME(12,0,0))))) -> 0.020833333 | H22: =G22+F22 -> 0.020833333
A23: Ayudante | B23: Walter Bernardino Aburto Maltez | C23: VACACIONES
A24: Ayudante | B24: Bismarck Antonio Perez Aburto | C24: 0.33333333 | D24: 0.52083333 | F24: =SUM(IF(C24="",0,IF(C24<TIME(8,0,0),TIME(8,0,0)-C24,0))) -> 0 | G24: =SUM( IF(OR(C24="",D24=""),0,MAX(0,IF(D24<C24,D24+1,D24)-MAX(C24,TIME(12,0,0))))) -> 0.020833333 | H24: =G24+F24 -> 0.020833333
A25: Ayudante | B25: Jose Ariel Espinoza Parrales | C25: 0.33333333 | D25: 0.52083333 | F25: =SUM(IF(C25="",0,IF(C25<TIME(8,0,0),TIME(8,0,0)-C25,0))) -> 0 | G25: =SUM( IF(OR(C25="",D25=""),0,MAX(0,IF(D25<C25,D25+1,D25)-MAX(C25,TIME(12,0,0))))) -> 0.020833333 | H25: =G25+F25 -> 0.020833333
A26: Ayudante | B26: Yaro de Jesus Castillo Muñoz | C26: 0.33333333 | D26: 0.52083333 | F26: =SUM(IF(C26="",0,IF(C26<TIME(8,0,0),TIME(8,0,0)-C26,0))) -> 0 | G26: =SUM( IF(OR(C26="",D26=""),0,MAX(0,IF(D26<C26,D26+1,D26)-MAX(C26,TIME(12,0,0))))) -> 0.020833333 | H26: =G26+F26 -> 0.020833333
A27: Ayudante | B27: Orlando De Jesus Ruiz Ramirez | C27: 0.33333333 | D27: 0.5625 | F27: =SUM(IF(C27="",0,IF(C27<TIME(8,0,0),TIME(8,0,0)-C27,0))) -> 0 | G27: =SUM( IF(OR(C27="",D27=""),0,MAX(0,IF(D27<C27,D27+1,D27)-MAX(C27,TIME(12,0,0))))) -> 0.0625 | H27: =G27+F27 -> 0.0625
A28: Ayudante | B28: Roberto Jose Arauz Alvarado | C28: 0.33333333 | D28: 0.5625 | F28: =SUM(IF(C28="",0,IF(C28<TIME(8,0,0),TIME(8,0,0)-C28,0))) -> 0 | G28: =SUM( IF(OR(C28="",D28=""),0,MAX(0,IF(D28<C28,D28+1,D28)-MAX(C28,TIME(12,0,0))))) -> 0.0625 | H28: =G28+F28 -> 0.0625
A29: Ayudante | B29: Luis Omar Campos Connolly | C29: 0.33333333 | D29: 0.5 | F29: =SUM(IF(C29="",0,IF(C29<TIME(8,0,0),TIME(8,0,0)-C29,0))) -> 0 | G29: =SUM( IF(OR(C29="",D29=""),0,MAX(0,IF(D29<C29,D29+1,D29)-MAX(C29,TIME(12,0,0))))) -> 0 | H29: =G29+F29 -> 0
A30: Ayudante | B30: Emilio Humberto Alegria Sanchez | C30: SUBSIDIO
A31: Ayudante | B31: Pablo Javier Berrios Sotelo | C31: 0.33333333 | D31: 0.52083333 | F31: =SUM(IF(C31="",0,IF(C31<TIME(8,0,0),TIME(8,0,0)-C31,0))) -> 0 | G31: =SUM( IF(OR(C31="",D31=""),0,MAX(0,IF(D31<C31,D31+1,D31)-MAX(C31,TIME(12,0,0))))) -> 0.020833333 | H31: =G31+F31 -> 0.020833333
A32: Ayudante | B32: Ramiro Isaac Solano Flores | C32: 0.33333333 | D32: 0.52083333 | F32: =SUM(IF(C32="",0,IF(C32<TIME(8,0,0),TIME(8,0,0)-C32,0))) -> 0 | G32: =SUM( IF(OR(C32="",D32=""),0,MAX(0,IF(D32<C32,D32+1,D32)-MAX(C32,TIME(12,0,0))))) -> 0.020833333 | H32: =G32+F32 -> 0.020833333
A33: Ayudante | B33: Reggie Sanders Rodriguez Tellez | C33: 0.33333333 | D33: 0.5 | F33: =SUM(IF(C33="",0,IF(C33<TIME(8,0,0),TIME(8,0,0)-C33,0))) -> 0 | G33: =SUM( IF(OR(C33="",D33=""),0,MAX(0,IF(D33<C33,D33+1,D33)-MAX(C33,TIME(12,0,0))))) -> 0 | H33: =G33+F33 -> 0
A34: Ayudante | B34: Engel Jose Brenes Aleman | C34: 0.33333333 | D34: 0.52083333 | F34: =SUM(IF(C34="",0,IF(C34<TIME(8,0,0),TIME(8,0,0)-C34,0))) -> 0 | G34: =SUM( IF(OR(C34="",D34=""),0,MAX(0,IF(D34<C34,D34+1,D34)-MAX(C34,TIME(12,0,0))))) -> 0.020833333 | H34: =G34+F34 -> 0.020833333
A35: Ayudante | B35: Ricky Nelson Bonilla Villagra | C35: 0.33333333 | D35: 0.5625 | F35: =SUM(IF(C35="",0,IF(C35<TIME(8,0,0),TIME(8,0,0)-C35,0))) -> 0 | G35: =SUM( IF(OR(C35="",D35=""),0,MAX(0,IF(D35<C35,D35+1,D35)-MAX(C35,TIME(12,0,0))))) -> 0.0625 | H35: =G35+F35 -> 0.0625
A36: Ayudante | B36: Diego Manuel Potoy Vanegas | C36: 0.33333333 | D36: 0.5 | F36: =SUM(IF(C36="",0,IF(C36<TIME(8,0,0),TIME(8,0,0)-C36,0))) -> 0 | G36: =SUM( IF(OR(C36="",D36=""),0,MAX(0,IF(D36<C36,D36+1,D36)-MAX(C36,TIME(12,0,0))))) -> 0 | H36: =G36+F36 -> 0
A37: Ayudante | B37: Henry Alberto Arevalo Velasquez | C37: A CUENTAS DE HORAS ACUMULADAS
A38: Ayudante | B38: Magdiel Daniel Cruz Aleman | C38: 0.33333333 | D38: 0.5625 | F38: =SUM(IF(C38="",0,IF(C38<TIME(8,0,0),TIME(8,0,0)-C38,0))) -> 0 | G38: =SUM( IF(OR(C38="",D38=""),0,MAX(0,IF(D38<C38,D38+1,D38)-MAX(C38,TIME(12,0,0))))) -> 0.0625 | H38: =G38+F38 -> 0.0625
A39: Ayudante | B39: Carlos Jose Villavicencio Silva | C39: 0.33333333 | D39: 0.5625 | F39: =SUM(IF(C39="",0,IF(C39<TIME(8,0,0),TIME(8,0,0)-C39,0))) -> 0 | G39: =SUM( IF(OR(C39="",D39=""),0,MAX(0,IF(D39<C39,D39+1,D39)-MAX(C39,TIME(12,0,0))))) -> 0.0625 | H39: =G39+F39 -> 0.0625
A40: Ayudante | B40: Einer Eliasar Lopez Hernandez | C40: 0.33333333 | D40: 0.52083333 | F40: =SUM(IF(C40="",0,IF(C40<TIME(8,0,0),TIME(8,0,0)-C40,0))) -> 0 | G40: =SUM( IF(OR(C40="",D40=""),0,MAX(0,IF(D40<C40,D40+1,D40)-MAX(C40,TIME(12,0,0))))) -> 0.020833333 | H40: =G40+F40 -> 0.020833333
A41: Ayudante | B41: Walter Roberto Vasquez Ramos | C41: 0.33333333 | D41: 0.52430556 | F41: =SUM(IF(C41="",0,IF(C41<TIME(8,0,0),TIME(8,0,0)-C41,0))) -> 0 | G41: =SUM( IF(OR(C41="",D41=""),0,MAX(0,IF(D41<C41,D41+1,D41)-MAX(C41,TIME(12,0,0))))) -> 0.024305556 | H41: =G41+F41 -> 0.024305556
A42: Ayudante | B42: Joel Alfonso Rocha Guzman | C42: 0.33333333 | D42: 0.52083333 | F42: =SUM(IF(C42="",0,IF(C42<TIME(8,0,0),TIME(8,0,0)-C42,0))) -> 0 | G42: =SUM( IF(OR(C42="",D42=""),0,MAX(0,IF(D42<C42,D42+1,D42)-MAX(C42,TIME(12,0,0))))) -> 0.020833333 | H42: =G42+F42 -> 0.020833333
A43: Ayudante | B43: Edwin de Jesus Aleman Davila | C43: 0.33333333 | D43: 0.5 | F43: =SUM(IF(C43="",0,IF(C43<TIME(8,0,0),TIME(8,0,0)-C43,0))) -> 0 | G43: =SUM( IF(OR(C43="",D43=""),0,MAX(0,IF(D43<C43,D43+1,D43)-MAX(C43,TIME(12,0,0))))) -> 0 | H43: =G43+F43 -> 0
A44: Ayudante | B44: Marvin Josue Martinez Canales | C44: 0.33333333 | D44: 0.5625 | F44: =SUM(IF(C44="",0,IF(C44<TIME(8,0,0),TIME(8,0,0)-C44,0))) -> 0 | G44: =SUM( IF(OR(C44="",D44=""),0,MAX(0,IF(D44<C44,D44+1,D44)-MAX(C44,TIME(12,0,0))))) -> 0.0625 | H44: =G44+F44 -> 0.0625
A45: Ayudante | B45: Moises Abraham Balmaceda Gusman | C45: 0.33333333 | D45: 0.52083333 | F45: =SUM(IF(C45="",0,IF(C45<TIME(8,0,0),TIME(8,0,0)-C45,0))) -> 0 | G45: =SUM( IF(OR(C45="",D45=""),0,MAX(0,IF(D45<C45,D45+1,D45)-MAX(C45,TIME(12,0,0))))) -> 0.020833333 | H45: =G45+F45 -> 0.020833333
A46: Ayudante | B46: Juan Rafael Ordoñez Muñoz | C46: VACACIONES
A47: Ayudante | B47: Daylan Jose Gonzalez Velasquez | C47: 0.33333333 | D47: 0.52083333 | F47: =SUM(IF(C47="",0,IF(C47<TIME(8,0,0),TIME(8,0,0)-C47,0))) -> 0 | G47: =SUM( IF(OR(C47="",D47=""),0,MAX(0,IF(D47<C47,D47+1,D47)-MAX(C47,TIME(12,0,0))))) -> 0.020833333 | H47: =G47+F47 -> 0.020833333
A48: Ayudante | B48: Josue Antonio Davila Davila | C48: 0.33333333 | D48: 0.52430556 | F48: =SUM(IF(C48="",0,IF(C48<TIME(8,0,0),TIME(8,0,0)-C48,0))) -> 0 | G48: =SUM( IF(OR(C48="",D48=""),0,MAX(0,IF(D48<C48,D48+1,D48)-MAX(C48,TIME(12,0,0))))) -> 0.024305556 | H48: =G48+F48 -> 0.024305556
A49: Ayudante | B49: Elias Alexander Lopez Roque | C49: 0.33333333 | D49: 0.52083333 | F49: =SUM(IF(C49="",0,IF(C49<TIME(8,0,0),TIME(8,0,0)-C49,0))) -> 0 | G49: =SUM( IF(OR(C49="",D49=""),0,MAX(0,IF(D49<C49,D49+1,D49)-MAX(C49,TIME(12,0,0))))) -> 0.020833333 | H49: =G49+F49 -> 0.020833333
A50: Ayudante | B50: Moises Israel Esquivel Sequeira | C50: 0.33333333 | D50: 0.5 | F50: =SUM(IF(C50="",0,IF(C50<TIME(8,0,0),TIME(8,0,0)-C50,0))) -> 0 | G50: =SUM( IF(OR(C50="",D50=""),0,MAX(0,IF(D50<C50,D50+1,D50)-MAX(C50,TIME(12,0,0))))) -> 0 | H50: =G50+F50 -> 0
A51: Ayudante | B51: Anderson Agurto Martinez Avilez | C51: 0.33333333 | D51: 0.5625 | F51: =SUM(IF(C51="",0,IF(C51<TIME(8,0,0),TIME(8,0,0)-C51,0))) -> 0 | G51: =SUM( IF(OR(C51="",D51=""),0,MAX(0,IF(D51<C51,D51+1,D51)-MAX(C51,TIME(12,0,0))))) -> 0.0625 | H51: =G51+F51 -> 0.0625
A52: Admon. Bodega | B52: Harinto Jose Rodriguez Cruz | C52: 0.33333333 | D52: 0.5625 | F52: =SUM(IF(C52="",0,IF(C52<TIME(8,0,0),TIME(8,0,0)-C52,0))) -> 0 | G52: =SUM( IF(OR(C52="",D52=""),0,MAX(0,IF(D52<C52,D52+1,D52)-MAX(C52,TIME(12,0,0))))) -> 0.0625 | H52: =G52+F52 -> 0.0625
A53: Ayudante | B53: Erving Antonio Rios Cardenas | C53: A CUENTAS DE HORAS ACUMULADAS
A54: Ayudante | B54: Cesar Ramon Roa | C54: 0.33333333 | D54: 0.52083333 | F54: =SUM(IF(C54="",0,IF(C54<TIME(8,0,0),TIME(8,0,0)-C54,0))) -> 0 | G54: =SUM( IF(OR(C54="",D54=""),0,MAX(0,IF(D54<C54,D54+1,D54)-MAX(C54,TIME(12,0,0))))) -> 0.020833333 | H54: =G54+F54 -> 0.020833333
A55: Ayudante | B55: Byron Omar Arburola Hernandez | C55: 0.33333333 | D55: 0.5625 | F55: =SUM(IF(C55="",0,IF(C55<TIME(8,0,0),TIME(8,0,0)-C55,0))) -> 0 | G55: =SUM( IF(OR(C55="",D55=""),0,MAX(0,IF(D55<C55,D55+1,D55)-MAX(C55,TIME(12,0,0))))) -> 0.0625 | H55: =G55+F55 -> 0.0625
A56: Ayudante | B56: Segundo Noel Pichardo Solis | C56: 0.33333333 | D56: 0.52083333 | F56: =SUM(IF(C56="",0,IF(C56<TIME(8,0,0),TIME(8,0,0)-C56,0))) -> 0 | G56: =SUM( IF(OR(C56="",D56=""),0,MAX(0,IF(D56<C56,D56+1,D56)-MAX(C56,TIME(12,0,0))))) -> 0.020833333 | H56: =G56+F56 -> 0.020833333
A57: Ayudante | B57: Erick Jose Hernandez Palacios | C57: 0.33333333 | D57: 0.52083333 | F57: =SUM(IF(C57="",0,IF(C57<TIME(8,0,0),TIME(8,0,0)-C57,0))) -> 0 | G57: =SUM( IF(OR(C57="",D57=""),0,MAX(0,IF(D57<C57,D57+1,D57)-MAX(C57,TIME(12,0,0))))) -> 0.020833333 | H57: =G57+F57 -> 0.020833333
A58: Ayudante | B58: Alexis Alexander González García | C58: 0.33333333 | D58: 0.5625 | F58: =SUM(IF(C58="",0,IF(C58<TIME(8,0,0),TIME(8,0,0)-C58,0))) -> 0 | G58: =SUM( IF(OR(C58="",D58=""),0,MAX(0,IF(D58<C58,D58+1,D58)-MAX(C58,TIME(12,0,0))))) -> 0.0625 | H58: =G58+F58 -> 0.0625
A59: Ayudante | B59: Manuel Ignacio Cañete Guerrero | C59: 0.33333333 | D59: 0.52083333 | F59: =SUM(IF(C59="",0,IF(C59<TIME(8,0,0),TIME(8,0,0)-C59,0))) -> 0 | G59: =SUM( IF(OR(C59="",D59=""),0,MAX(0,IF(D59<C59,D59+1,D59)-MAX(C59,TIME(12,0,0))))) -> 0.020833333 | H59: =G59+F59 -> 0.020833333
A60: Ayudante | B60: Guillermo José Reyes Fernández | C60: 0.33333333 | D60: 0.52083333 | F60: =SUM(IF(C60="",0,IF(C60<TIME(8,0,0),TIME(8,0,0)-C60,0))) -> 0 | G60: =SUM( IF(OR(C60="",D60=""),0,MAX(0,IF(D60<C60,D60+1,D60)-MAX(C60,TIME(12,0,0))))) -> 0.020833333 | H60: =G60+F60 -> 0.020833333
H61: =SUM(H3:H60) -> 1.6340278

Sheet 04-09
B1: 0.33333333 | D1: REPORTE DE ASISTENCIA 04 DE SEPTIEMBRE DEL 2026.
A2: Cargo | B2: Nombre | C2: Entrada | D2: Salida | E2: Llegada Tarde | F2: HORAS ACUMULADAS ENTRADA | G2: HORAS ACUMULADAS SALIDAS | H2: Total | I2: Observaciones
A3: Supervisor | B3: David Castillo Martínez | C3: SUBSIDIO
A4: Admon. Bodega | B4: Lenin Amigo de Saul Mendoza Chavarria | C4: 0.33333333 | D4: 0.70833333 | F4: =SUM(IF(C4="",0,IF(C4<TIME(8,0,0),TIME(8,0,0)-C4,0))) -> 0 | G4: =SUM( IF(OR(C4="",D4=""),0,MAX(0,IF(D4<C4,D4+1,D4)-MAX(C4,TIME(17,0,0))))) -> 0 | H4: =G4+F4 -> 0
A5: Admon. Bodega | B5: Jose De Jesus Gaitan Lovo | C5: 0.34027778 | D5: 0.70833333 | F5: =SUM(IF(C5="",0,IF(C5<TIME(8,0,0),TIME(8,0,0)-C5,0))) -> 0 | G5: =SUM( IF(OR(C5="",D5=""),0,MAX(0,IF(D5<C5,D5+1,D5)-MAX(C5,TIME(17,0,0))))) -> 0 | H5: =G5+F5 -> 0 | I5: DEDUCIDO POR HORAS ACUMULADAS
A6: Admon. Bodega | B6: Fernando Mauricio Salazar | C6: 0.33333333 | D6: 0.70833333 | F6: =SUM(IF(C6="",0,IF(C6<TIME(8,0,0),TIME(8,0,0)-C6,0))) -> 0 | G6: =SUM( IF(OR(C6="",D6=""),0,MAX(0,IF(D6<C6,D6+1,D6)-MAX(C6,TIME(17,0,0))))) -> 0 | H6: =G6+F6 -> 0
A7: Admon. Bodega | B7: Elvis Anthony Martinez Hernandez | C7: 0.33333333 | D7: 0.70833333 | F7: =SUM(IF(C7="",0,IF(C7<TIME(8,0,0),TIME(8,0,0)-C7,0))) -> 0 | G7: =SUM( IF(OR(C7="",D7=""),0,MAX(0,IF(D7<C7,D7+1,D7)-MAX(C7,TIME(17,0,0))))) -> 0 | H7: =G7+F7 -> 0
A8: Conductor | B8: Denis Alberto Lopez Gonzaga | C8: 0.29166667 | D8: 0.8125 | F8: =SUM(IF(C8="",0,IF(C8<TIME(8,0,0),TIME(8,0,0)-C8,0))) -> 0.041666667 | G8: =SUM( IF(OR(C8="",D8=""),0,MAX(0,IF(D8<C8,D8+1,D8)-MAX(C8,TIME(17,0,0))))) -> 0.10416667 | H8: =G8+F8 -> 0.14583333
A9: Conductor | B9: Jose Gabriel Herrera | C9: 0.33333333 | D9: 0.70833333 | F9: =SUM(IF(C9="",0,IF(C9<TIME(8,0,0),TIME(8,0,0)-C9,0))) -> 0 | G9: =SUM( IF(OR(C9="",D9=""),0,MAX(0,IF(D9<C9,D9+1,D9)-MAX(C9,TIME(17,0,0))))) -> 0 | H9: =G9+F9 -> 0
A10: Conductor | B10: Francisco Valerio Altamirano | C10: 0.33333333 | D10: 0.72916667 | F10: =SUM(IF(C10="",0,IF(C10<TIME(8,0,0),TIME(8,0,0)-C10,0))) -> 0 | G10: =SUM( IF(OR(C10="",D10=""),0,MAX(0,IF(D10<C10,D10+1,D10)-MAX(C10,TIME(17,0,0))))) -> 0.020833333 | H10: =G10+F10 -> 0.020833333
A11: Conductor | B11: Manuel Salvador Centeno Salinas | C11: 0.33333333 | D11: 0.80555556 | F11: =SUM(IF(C11="",0,IF(C11<TIME(8,0,0),TIME(8,0,0)-C11,0))) -> 0 | G11: =SUM( IF(OR(C11="",D11=""),0,MAX(0,IF(D11<C11,D11+1,D11)-MAX(C11,TIME(17,0,0))))) -> 0.097222222 | H11: =G11+F11 -> 0.097222222
A12: Conductor | B12: Bayardo Benjamin Moran Lopez | C12: 0.33333333 | D12: 0.70833333 | F12: =SUM(IF(C12="",0,IF(C12<TIME(8,0,0),TIME(8,0,0)-C12,0))) -> 0 | G12: =SUM( IF(OR(C12="",D12=""),0,MAX(0,IF(D12<C12,D12+1,D12)-MAX(C12,TIME(17,0,0))))) -> 0 | H12: =G12+F12 -> 0
A13: Conductor | B13: Emerson Alberto Diaz Mendoza | C13: SUBSIDIO
A14: Conductor | B14: David Uriel Zamora Martinez | C14: 0.33333333 | D14: 0.70833333 | F14: =SUM(IF(C14="",0,IF(C14<TIME(8,0,0),TIME(8,0,0)-C14,0))) -> 0 | G14: =SUM( IF(OR(C14="",D14=""),0,MAX(0,IF(D14<C14,D14+1,D14)-MAX(C14,TIME(17,0,0))))) -> 0 | H14: =G14+F14 -> 0
A15: Conductor | B15: Jorge Luis Telleria | C15: 0.33333333 | D15: 0.70833333 | F15: =SUM(IF(C15="",0,IF(C15<TIME(8,0,0),TIME(8,0,0)-C15,0))) -> 0 | G15: =SUM( IF(OR(C15="",D15=""),0,MAX(0,IF(D15<C15,D15+1,D15)-MAX(C15,TIME(17,0,0))))) -> 0 | H15: =G15+F15 -> 0
A16: Conductor | B16: Alejandro Jose Castro Jarquin | C16: 0.33333333 | D16: 0.875 | F16: =SUM(IF(C16="",0,IF(C16<TIME(8,0,0),TIME(8,0,0)-C16,0))) -> 0 | G16: =SUM( IF(OR(C16="",D16=""),0,MAX(0,IF(D16<C16,D16+1,D16)-MAX(C16,TIME(17,0,0))))) -> 0.16666667 | H16: =G16+F16 -> 0.16666667
A17: Conductor | B17: Juan Francisco Narvaez Molina | C17: 0.33333333 | D17: 0.70833333 | F17: =SUM(IF(C17="",0,IF(C17<TIME(8,0,0),TIME(8,0,0)-C17,0))) -> 0 | G17: =SUM( IF(OR(C17="",D17=""),0,MAX(0,IF(D17<C17,D17+1,D17)-MAX(C17,TIME(17,0,0))))) -> 0 | H17: =G17+F17 -> 0
A18: Conductor | B18: Fernando Antonio Centeno Gaitan | C18: 0.33333333 | D18: 0.70833333 | F18: =SUM(IF(C18="",0,IF(C18<TIME(8,0,0),TIME(8,0,0)-C18,0))) -> 0 | G18: =SUM( IF(OR(C18="",D18=""),0,MAX(0,IF(D18<C18,D18+1,D18)-MAX(C18,TIME(17,0,0))))) -> 0 | H18: =G18+F18 -> 0
A19: Conductor | B19: Richard Antonio Carrion Alvarez | C19: VACACIONES
A20: Conductor | B20: Dietrich Rafael Bone Burgos | C20: VACACIONES
A21: Conductor | B21: Juan Abrahán Duran Tercero | C21: 0.32916667 | D21: 0.77083333 | F21: =SUM(IF(C21="",0,IF(C21<TIME(8,0,0),TIME(8,0,0)-C21,0))) -> 0.0041666667 | G21: =SUM( IF(OR(C21="",D21=""),0,MAX(0,IF(D21<C21,D21+1,D21)-MAX(C21,TIME(17,0,0))))) -> 0.0625 | H21: =G21+F21 -> 0.066666667
A22: Conductor | B22: Orlando José Ayerdis Barrios | C22: 0.33333333 | D22: 0.70833333 | F22: =SUM(IF(C22="",0,IF(C22<TIME(8,0,0),TIME(8,0,0)-C22,0))) -> 0 | G22: =SUM( IF(OR(C22="",D22=""),0,MAX(0,IF(D22<C22,D22+1,D22)-MAX(C22,TIME(17,0,0))))) -> 0 | H22: =G22+F22 -> 0
A23: Ayudante | B23: Walter Bernardino Aburto Maltez | C23: VACACIONES
A24: Ayudante | B24: Bismarck Antonio Perez Aburto | C24: 0.33333333 | D24: 0.70833333 | F24: =SUM(IF(C24="",0,IF(C24<TIME(8,0,0),TIME(8,0,0)-C24,0))) -> 0 | G24: =SUM( IF(OR(C24="",D24=""),0,MAX(0,IF(D24<C24,D24+1,D24)-MAX(C24,TIME(17,0,0))))) -> 0 | H24: =G24+F24 -> 0
A25: Ayudante | B25: Jose Ariel Espinoza Parrales | C25: 0.33333333 | D25: 0.87847222 | F25: =SUM(IF(C25="",0,IF(C25<TIME(8,0,0),TIME(8,0,0)-C25,0))) -> 0 | G25: =SUM( IF(OR(C25="",D25=""),0,MAX(0,IF(D25<C25,D25+1,D25)-MAX(C25,TIME(17,0,0))))) -> 0.17013889 | H25: =G25+F25 -> 0.17013889
A26: Ayudante | B26: Yaro de Jesus Castillo Muñoz | C26: 0.33333333 | D26: 0.70833333 | F26: =SUM(IF(C26="",0,IF(C26<TIME(8,0,0),TIME(8,0,0)-C26,0))) -> 0 | G26: =SUM( IF(OR(C26="",D26=""),0,MAX(0,IF(D26<C26,D26+1,D26)-MAX(C26,TIME(17,0,0))))) -> 0 | H26: =G26+F26 -> 0
A27: Ayudante | B27: Orlando De Jesus Ruiz Ramirez | C27: 0.33333333 | D27: 0.70833333 | F27: =SUM(IF(C27="",0,IF(C27<TIME(8,0,0),TIME(8,0,0)-C27,0))) -> 0 | G27: =SUM( IF(OR(C27="",D27=""),0,MAX(0,IF(D27<C27,D27+1,D27)-MAX(C27,TIME(17,0,0))))) -> 0 | H27: =G27+F27 -> 0
A28: Ayudante | B28: Roberto Jose Arauz Alvarado | C28: 0.33333333 | D28: 0.70833333 | F28: =SUM(IF(C28="",0,IF(C28<TIME(8,0,0),TIME(8,0,0)-C28,0))) -> 0 | G28: =SUM( IF(OR(C28="",D28=""),0,MAX(0,IF(D28<C28,D28+1,D28)-MAX(C28,TIME(17,0,0))))) -> 0 | H28: =G28+F28 -> 0
A29: Ayudante | B29: Luis Omar Campos Connolly | C29: 0.33333333 | D29: 0.70833333 | F29: =SUM(IF(C29="",0,IF(C29<TIME(8,0,0),TIME(8,0,0)-C29,0))) -> 0 | G29: =SUM( IF(OR(C29="",D29=""),0,MAX(0,IF(D29<C29,D29+1,D29)-MAX(C29,TIME(17,0,0))))) -> 0 | H29: =G29+F29 -> 0
A30: Ayudante | B30: Emilio Humberto Alegria Sanchez | C30: SUBSIDIO
A31: Ayudante | B31: Pablo Javier Berrios Sotelo | C31: 0.33333333 | D31: 0.70833333 | F31: =SUM(IF(C31="",0,IF(C31<TIME(8,0,0),TIME(8,0,0)-C31,0))) -> 0 | G31: =SUM( IF(OR(C31="",D31=""),0,MAX(0,IF(D31<C31,D31+1,D31)-MAX(C31,TIME(17,0,0))))) -> 0 | H31: =G31+F31 -> 0
A32: Ayudante | B32: Ramiro Isaac Solano Flores | C32: 0.33333333 | D32: 0.70833333 | F32: =SUM(IF(C32="",0,IF(C32<TIME(8,0,0),TIME(8,0,0)-C32,0))) -> 0 | G32: =SUM( IF(OR(C32="",D32=""),0,MAX(0,IF(D32<C32,D32+1,D32)-MAX(C32,TIME(17,0,0))))) -> 0 | H32: =G32+F32 -> 0
A33: Ayudante | B33: Reggie Sanders Rodriguez Tellez | C33: 0.33333333 | D33: 0.70833333 | F33: =SUM(IF(C33="",0,IF(C33<TIME(8,0,0),TIME(8,0,0)-C33,0))) -> 0 | G33: =SUM( IF(OR(C33="",D33=""),0,MAX(0,IF(D33<C33,D33+1,D33)-MAX(C33,TIME(17,0,0))))) -> 0 | H33: =G33+F33 -> 0
A34: Ayudante | B34: Engel Jose Brenes Aleman | C34: 0.33333333 | D34: 0.70833333 | F34: =SUM(IF(C34="",0,IF(C34<TIME(8,0,0),TIME(8,0,0)-C34,0))) -> 0 | G34: =SUM( IF(OR(C34="",D34=""),0,MAX(0,IF(D34<C34,D34+1,D34)-MAX(C34,TIME(17,0,0))))) -> 0 | H34: =G34+F34 -> 0
A35: Ayudante | B35: Ricky Nelson Bonilla Villagra | C35: 0.33333333 | D35: 0.70833333 | F35: =SUM(IF(C35="",0,IF(C35<TIME(8,0,0),TIME(8,0,0)-C35,0))) -> 0 | G35: =SUM( IF(OR(C35="",D35=""),0,MAX(0,IF(D35<C35,D35+1,D35)-MAX(C35,TIME(17,0,0))))) -> 0 | H35: =G35+F35 -> 0
A36: Ayudante | B36: Diego Manuel Potoy Vanegas | C36: 0.33333333 | D36: 0.66666667 | F36: =SUM(IF(C36="",0,IF(C36<TIME(8,0,0),TIME(8,0,0)-C36,0))) -> 0 | G36: =SUM( IF(OR(C36="",D36=""),0,MAX(0,IF(D36<C36,D36+1,D36)-MAX(C36,TIME(17,0,0))))) -> 0 | H36: =G36+F36 -> 0 | I36: DEDUCIDO POR HORAS ACUMULADAS
A37: Ayudante | B37: Henry Alberto Arevalo Velasquez | C37: 0.33333333 | D37: 0.87847222 | F37: =SUM(IF(C37="",0,IF(C37<TIME(8,0,0),TIME(8,0,0)-C37,0))) -> 0 | G37: =SUM( IF(OR(C37="",D37=""),0,MAX(0,IF(D37<C37,D37+1,D37)-MAX(C37,TIME(17,0,0))))) -> 0.17013889 | H37: =G37+F37 -> 0.17013889
A38: Ayudante | B38: Magdiel Daniel Cruz Aleman | C38: 0.33333333 | D38: 0.70833333 | F38: =SUM(IF(C38="",0,IF(C38<TIME(8,0,0),TIME(8,0,0)-C38,0))) -> 0 | G38: =SUM( IF(OR(C38="",D38=""),0,MAX(0,IF(D38<C38,D38+1,D38)-MAX(C38,TIME(17,0,0))))) -> 0 | H38: =G38+F38 -> 0
A39: Ayudante | B39: Carlos Jose Villavicencio Silva | C39: 0.33333333 | D39: 0.70833333 | F39: =SUM(IF(C39="",0,IF(C39<TIME(8,0,0),TIME(8,0,0)-C39,0))) -> 0 | G39: =SUM( IF(OR(C39="",D39=""),0,MAX(0,IF(D39<C39,D39+1,D39)-MAX(C39,TIME(17,0,0))))) -> 0 | H39: =G39+F39 -> 0
A40: Ayudante | B40: Einer Eliasar Lopez Hernandez | C40: 0.27777778 | D40: 0.70833333 | F40: =SUM(IF(C40="",0,IF(C40<TIME(8,0,0),TIME(8,0,0)-C40,0))) -> 0.055555556 | G40: =SUM( IF(OR(C40="",D40=""),0,MAX(0,IF(D40<C40,D40+1,D40)-MAX(C40,TIME(17,0,0))))) -> 0 | H40: =G40+F40 -> 0.055555556
A41: Ayudante | B41: Walter Roberto Vasquez Ramos | C41: 0.33333333 | D41: 0.70833333 | F41: =SUM(IF(C41="",0,IF(C41<TIME(8,0,0),TIME(8,0,0)-C41,0))) -> 0 | G41: =SUM( IF(OR(C41="",D41=""),0,MAX(0,IF(D41<C41,D41+1,D41)-MAX(C41,TIME(17,0,0))))) -> 0 | H41: =G41+F41 -> 0
A42: Ayudante | B42: Joel Alfonso Rocha Guzman | C42: 0.33333333 | D42: 0.70833333 | F42: =SUM(IF(C42="",0,IF(C42<TIME(8,0,0),TIME(8,0,0)-C42,0))) -> 0 | G42: =SUM( IF(OR(C42="",D42=""),0,MAX(0,IF(D42<C42,D42+1,D42)-MAX(C42,TIME(17,0,0))))) -> 0 | H42: =G42+F42 -> 0
A43: Ayudante | B43: Edwin de Jesus Aleman Davila | C43: 0.33333333 | D43: 0.70833333 | F43: =SUM(IF(C43="",0,IF(C43<TIME(8,0,0),TIME(8,0,0)-C43,0))) -> 0 | G43: =SUM( IF(OR(C43="",D43=""),0,MAX(0,IF(D43<C43,D43+1,D43)-MAX(C43,TIME(17,0,0))))) -> 0 | H43: =G43+F43 -> 0
A44: Ayudante | B44: Marvin Josue Martinez Canales | C44: 0.29166667 | D44: 0.80555556 | F44: =SUM(IF(C44="",0,IF(C44<TIME(8,0,0),TIME(8,0,0)-C44,0))) -> 0.041666667 | G44: =SUM( IF(OR(C44="",D44=""),0,MAX(0,IF(D44<C44,D44+1,D44)-MAX(C44,TIME(17,0,0))))) -> 0.097222222 | H44: =G44+F44 -> 0.13888889
A45: Ayudante | B45: Moises Abraham Balmaceda Gusman | C45: 0.33333333 | D45: 0.70833333 | F45: =SUM(IF(C45="",0,IF(C45<TIME(8,0,0),TIME(8,0,0)-C45,0))) -> 0 | G45: =SUM( IF(OR(C45="",D45=""),0,MAX(0,IF(D45<C45,D45+1,D45)-MAX(C45,TIME(17,0,0))))) -> 0 | H45: =G45+F45 -> 0
A46: Ayudante | B46: Juan Rafael Ordoñez Muñoz | C46: VACACIONES
A47: Ayudante | B47: Daylan Jose Gonzalez Velasquez | C47: 0.33333333 | D47: 0.66666667 | F47: =SUM(IF(C47="",0,IF(C47<TIME(8,0,0),TIME(8,0,0)-C47,0))) -> 0 | G47: =SUM( IF(OR(C47="",D47=""),0,MAX(0,IF(D47<C47,D47+1,D47)-MAX(C47,TIME(17,0,0))))) -> 0 | H47: =G47+F47 -> 0 | I47: DEDUCIDO POR HORAS ACUMULADAS
A48: Ayudante | B48: Josue Antonio Davila Davila | C48: 0.33333333 | D48: 0.70833333 | F48: =SUM(IF(C48="",0,IF(C48<TIME(8,0,0),TIME(8,0,0)-C48,0))) -> 0 | G48: =SUM( IF(OR(C48="",D48=""),0,MAX(0,IF(D48<C48,D48+1,D48)-MAX(C48,TIME(17,0,0))))) -> 0 | H48: =G48+F48 -> 0
A49: Ayudante | B49: Elias Alexander Lopez Roque | C49: 0.33333333 | D49: 0.70833333 | F49: =SUM(IF(C49="",0,IF(C49<TIME(8,0,0),TIME(8,0,0)-C49,0))) -> 0 | G49: =SUM( IF(OR(C49="",D49=""),0,MAX(0,IF(D49<C49,D49+1,D49)-MAX(C49,TIME(17,0,0))))) -> 0 | H49: =G49+F49 -> 0
A50: Ayudante | B50: Moises Israel Esquivel Sequeira | C50: 0.33333333 | D50: 0.64583333 | F50: =SUM(IF(C50="",0,IF(C50<TIME(8,0,0),TIME(8,0,0)-C50,0))) -> 0 | G50: =SUM( IF(OR(C50="",D50=""),0,MAX(0,IF(D50<C50,D50+1,D50)-MAX(C50,TIME(17,0,0))))) -> 0 | H50: =G50+F50 -> 0 | I50: DEDUCIDO POR HORAS ACUMULADAS
A51: Ayudante | B51: Anderson Agurto Martinez Avilez | C51: 0.33333333 | D51: 0.70833333 | F51: =SUM(IF(C51="",0,IF(C51<TIME(8,0,0),TIME(8,0,0)-C51,0))) -> 0 | G51: =SUM( IF(OR(C51="",D51=""),0,MAX(0,IF(D51<C51,D51+1,D51)-MAX(C51,TIME(17,0,0))))) -> 0 | H51: =G51+F51 -> 0
A52: Admon. Bodega | B52: Harinto Jose Rodriguez Cruz | C52: 0.33333333 | D52: 0.70833333 | F52: =SUM(IF(C52="",0,IF(C52<TIME(8,0,0),TIME(8,0,0)-C52,0))) -> 0 | G52: =SUM( IF(OR(C52="",D52=""),0,MAX(0,IF(D52<C52,D52+1,D52)-MAX(C52,TIME(17,0,0))))) -> 0 | H52: =G52+F52 -> 0
A53: Ayudante | B53: Erving Antonio Rios Cardenas | C53: 0.33333333 | D53: 0.70833333 | F53: =SUM(IF(C53="",0,IF(C53<TIME(8,0,0),TIME(8,0,0)-C53,0))) -> 0 | G53: =SUM( IF(OR(C53="",D53=""),0,MAX(0,IF(D53<C53,D53+1,D53)-MAX(C53,TIME(17,0,0))))) -> 0 | H53: =G53+F53 -> 0
A54: Ayudante | B54: Cesar Ramon Roa | C54: 0.33333333 | D54: 0.80208333 | F54: =SUM(IF(C54="",0,IF(C54<TIME(8,0,0),TIME(8,0,0)-C54,0))) -> 0 | G54: =SUM( IF(OR(C54="",D54=""),0,MAX(0,IF(D54<C54,D54+1,D54)-MAX(C54,TIME(17,0,0))))) -> 0.09375 | H54: =G54+F54 -> 0.09375
A55: Ayudante | B55: Byron Omar Arburola Hernandez | C55: 0.33333333 | D55: 0.70833333 | F55: =SUM(IF(C55="",0,IF(C55<TIME(8,0,0),TIME(8,0,0)-C55,0))) -> 0 | G55: =SUM( IF(OR(C55="",D55=""),0,MAX(0,IF(D55<C55,D55+1,D55)-MAX(C55,TIME(17,0,0))))) -> 0 | H55: =G55+F55 -> 0
A56: Ayudante | B56: Segundo Noel Pichardo Solis | C56: 0.33333333 | D56: 0.79513889 | F56: =SUM(IF(C56="",0,IF(C56<TIME(8,0,0),TIME(8,0,0)-C56,0))) -> 0 | G56: =SUM( IF(OR(C56="",D56=""),0,MAX(0,IF(D56<C56,D56+1,D56)-MAX(C56,TIME(17,0,0))))) -> 0.086805556 | H56: =G56+F56 -> 0.086805556
A57: Ayudante | B57: Erick Jose Hernandez Palacios | C57: 0.33333333 | D57: 0.70833333 | F57: =SUM(IF(C57="",0,IF(C57<TIME(8,0,0),TIME(8,0,0)-C57,0))) -> 0 | G57: =SUM( IF(OR(C57="",D57=""),0,MAX(0,IF(D57<C57,D57+1,D57)-MAX(C57,TIME(17,0,0))))) -> 0 | H57: =G57+F57 -> 0
A58: Ayudante | B58: Alexis Alexander González García | C58: 0.29166667 | D58: 0.8125 | F58: =SUM(IF(C58="",0,IF(C58<TIME(8,0,0),TIME(8,0,0)-C58,0))) -> 0.041666667 | G58: =SUM( IF(OR(C58="",D58=""),0,MAX(0,IF(D58<C58,D58+1,D58)-MAX(C58,TIME(17,0,0))))) -> 0.10416667 | H58: =G58+F58 -> 0.14583333
A59: Ayudante | B59: Manuel Ignacio Cañete Guerrero | C59: 0.33333333 | D59: 0.70833333 | F59: =SUM(IF(C59="",0,IF(C59<TIME(8,0,0),TIME(8,0,0)-C59,0))) -> 0 | G59: =SUM( IF(OR(C59="",D59=""),0,MAX(0,IF(D59<C59,D59+1,D59)-MAX(C59,TIME(17,0,0))))) -> 0 | H59: =G59+F59 -> 0
A60: Ayudante | B60: Guillermo José Reyes Fernández | C60: 0.33333333 | D60: 0.70833333 | F60: =SUM(IF(C60="",0,IF(C60<TIME(8,0,0),TIME(8,0,0)-C60,0))) -> 0 | G60: =SUM( IF(OR(C60="",D60=""),0,MAX(0,IF(D60<C60,D60+1,D60)-MAX(C60,TIME(17,0,0))))) -> 0 | H60: =G60+F60 -> 0
H61: =SUM(H3:H60) -> 1.3583333

Sheet 03-09
B1: 0.33333333 | D1: REPORTE DE ASISTENCIA 03 DE SEPTIEMBRE DEL 2026.
A2: Cargo | B2: Nombre | C2: Entrada | D2: Salida | E2: Llegada Tarde | F2: HORAS ACUMULADAS ENTRADA | G2: HORAS ACUMULADAS SALIDAS | H2: Total | I2: Observaciones
A3: Supervisor | B3: David Castillo Martínez | C3: SUBSIDIO
A4: Admon. Bodega | B4: Lenin Amigo de Saul Mendoza Chavarria | C4: 0.33333333 | D4: 0.72222222 | F4: =SUM(IF(C4="",0,IF(C4<TIME(8,0,0),TIME(8,0,0)-C4,0))) -> 0 | G4: =SUM( IF(OR(C4="",D4=""),0,MAX(0,IF(D4<C4,D4+1,D4)-MAX(C4,TIME(17,0,0))))) -> 0.013888889 | H4: =G4+F4 -> 0.013888889
A5: Admon. Bodega | B5: Jose De Jesus Gaitan Lovo | C5: 0.33333333 | D5: 0.72222222 | F5: =SUM(IF(C5="",0,IF(C5<TIME(8,0,0),TIME(8,0,0)-C5,0))) -> 0 | G5: =SUM( IF(OR(C5="",D5=""),0,MAX(0,IF(D5<C5,D5+1,D5)-MAX(C5,TIME(17,0,0))))) -> 0.013888889 | H5: =G5+F5 -> 0.013888889
A6: Admon. Bodega | B6: Fernando Mauricio Salazar | C6: 0.33333333 | D6: 0.72222222 | F6: =SUM(IF(C6="",0,IF(C6<TIME(8,0,0),TIME(8,0,0)-C6,0))) -> 0 | G6: =SUM( IF(OR(C6="",D6=""),0,MAX(0,IF(D6<C6,D6+1,D6)-MAX(C6,TIME(17,0,0))))) -> 0.013888889 | H6: =G6+F6 -> 0.013888889
A7: Admon. Bodega | B7: Elvis Anthony Martinez Hernandez | C7: 0.33333333 | D7: 0.72222222 | F7: =SUM(IF(C7="",0,IF(C7<TIME(8,0,0),TIME(8,0,0)-C7,0))) -> 0 | G7: =SUM( IF(OR(C7="",D7=""),0,MAX(0,IF(D7<C7,D7+1,D7)-MAX(C7,TIME(17,0,0))))) -> 0.013888889 | H7: =G7+F7 -> 0.013888889
A8: Admon. Bodega | B8: Sebastian Bautista Rostran Davila | C8: 0.33333333 | D8: 0.70833333 | F8: =SUM(IF(C8="",0,IF(C8<TIME(8,0,0),TIME(8,0,0)-C8,0))) -> 0 | G8: =SUM( IF(OR(C8="",D8=""),0,MAX(0,IF(D8<C8,D8+1,D8)-MAX(C8,TIME(17,0,0))))) -> 0 | H8: =G8+F8 -> 0
A9: Conductor | B9: Denis Alberto Lopez Gonzaga | C9: 0.33333333 | D9: 0.70833333 | F9: =SUM(IF(C9="",0,IF(C9<TIME(8,0,0),TIME(8,0,0)-C9,0))) -> 0 | G9: =SUM( IF(OR(C9="",D9=""),0,MAX(0,IF(D9<C9,D9+1,D9)-MAX(C9,TIME(17,0,0))))) -> 0 | H9: =G9+F9 -> 0
A10: Conductor | B10: Jose Gabriel Herrera | C10: 0.33333333 | D10: 0.70833333 | F10: =SUM(IF(C10="",0,IF(C10<TIME(8,0,0),TIME(8,0,0)-C10,0))) -> 0 | G10: =SUM( IF(OR(C10="",D10=""),0,MAX(0,IF(D10<C10,D10+1,D10)-MAX(C10,TIME(17,0,0))))) -> 0 | H10: =G10+F10 -> 0
A11: Conductor | B11: Francisco Valerio Altamirano | C11: 0.33333333 | D11: 0.70833333 | F11: =SUM(IF(C11="",0,IF(C11<TIME(8,0,0),TIME(8,0,0)-C11,0))) -> 0 | G11: =SUM( IF(OR(C11="",D11=""),0,MAX(0,IF(D11<C11,D11+1,D11)-MAX(C11,TIME(17,0,0))))) -> 0 | H11: =G11+F11 -> 0
A12: Conductor | B12: Manuel Salvador Centeno Salinas | C12: 0.33333333 | D12: 0.70833333 | F12: =SUM(IF(C12="",0,IF(C12<TIME(8,0,0),TIME(8,0,0)-C12,0))) -> 0 | G12: =SUM( IF(OR(C12="",D12=""),0,MAX(0,IF(D12<C12,D12+1,D12)-MAX(C12,TIME(17,0,0))))) -> 0 | H12: =G12+F12 -> 0
A13: Conductor | B13: Bayardo Benjamin Moran Lopez | C13: 0.33333333 | D13: 0.72916667 | F13: =SUM(IF(C13="",0,IF(C13<TIME(8,0,0),TIME(8,0,0)-C13,0))) -> 0 | G13: =SUM( IF(OR(C13="",D13=""),0,MAX(0,IF(D13<C13,D13+1,D13)-MAX(C13,TIME(17,0,0))))) -> 0.020833333 | H13: =G13+F13 -> 0.020833333
A14: Conductor | B14: Emerson Alberto Diaz Mendoza | C14: 0.33333333 | D14: 0.70833333 | F14: =SUM(IF(C14="",0,IF(C14<TIME(8,0,0),TIME(8,0,0)-C14,0))) -> 0 | G14: =SUM( IF(OR(C14="",D14=""),0,MAX(0,IF(D14<C14,D14+1,D14)-MAX(C14,TIME(17,0,0))))) -> 0 | H14: =G14+F14 -> 0
A15: Conductor | B15: David Uriel Zamora Martinez | C15: 0.33333333 | D15: 0.70833333 | F15: =SUM(IF(C15="",0,IF(C15<TIME(8,0,0),TIME(8,0,0)-C15,0))) -> 0 | G15: =SUM( IF(OR(C15="",D15=""),0,MAX(0,IF(D15<C15,D15+1,D15)-MAX(C15,TIME(17,0,0))))) -> 0 | H15: =G15+F15 -> 0
... A19: Conductor | B19: Fernando Antonio Centeno Gaitan | C19: 0.33333333 | D19: 0.86597222 | F19: =SUM(IF(C19="",0,IF(C19<TIME(8,0,0),TIME(8,0,0)-C19,0))) -> 0 | G19: =SUM( IF(OR(C19="",D19=""),0,MAX(0,IF(D19<C19,D19+1,D19)-MAX(C19,TIME(17,0,0))))) -> 0.15763889 | H19: =G19+F19 -> 0.15763889
A20: Conductor | B20: Richard Antonio Carrion Alvarez | C20: VACACIONES
A21: Conductor | B21: Dietrich Rafael Bone Burgos | C21: VACACIONES
A22: Conductor | B22: Juan Abrahán Duran Tercero | C22: 0.33333333 | D22: 0.72222222 | F22: =SUM(IF(C22="",0,IF(C22<TIME(8,0,0),TIME(8,0,0)-C22,0))) -> 0 | G22: =SUM( IF(OR(C22="",D22=""),0,MAX(0,IF(D22<C22,D22+1,D22)-MAX(C22,TIME(17,0,0))))) -> 0.013888889 | H22: =G22+F22 -> 0.013888889
A23: Conductor | B23: Orlando José Ayerdis Barrios | C23: 0.33333333 | D23: 0.70833333 | F23: =SUM(IF(C23="",0,IF(C23<TIME(8,0,0),TIME(8,0,0)-C23,0))) -> 0 | G23: =SUM( IF(OR(C23="",D23=""),0,MAX(0,IF(D23<C23,D23+1,D23)-MAX(C23,TIME(17,0,0))))) -> 0 | H23: =G23+F23 -> 0
A24: Ayudante | B24: Walter Bernardino Aburto Maltez | C24: VACACIONES
A25: Ayudante | B25: Bismarck Antonio Perez Aburto | C25: VACACIONES
A26: Ayudante | B26: Jose Ariel Espinoza Parrales | C26: 0.33333333 | D26: 0.72222222 | F26: =SUM(IF(C26="",0,IF(C26<TIME(8,0,0),TIME(8,0,0)-C26,0))) -> 0 | G26: =SUM( IF(OR(C26="",D26=""),0,MAX(0,IF(D26<C26,D26+1,D26)-MAX(C26,TIME(17,0,0))))) -> 0.013888889 | H26: =G26+F26 -> 0.013888889
A27: Ayudante | B27: Yaro de Jesus Castillo Muñoz | C27: 0.33333333 | D27: 0.72222222 | F27: =SUM(IF(C27="",0,IF(C27<TIME(8,0,0),TIME(8,0,0)-C27,0))) -> 0 | G27: =SUM( IF(OR(C27="",D27=""),0,MAX(0,IF(D27<C27,D27+1,D27)-MAX(C27,TIME(17,0,0))))) -> 0.013888889 | H27: =G27+F27 -> 0.013888889
A28: Ayudante | B28: Orlando De Jesus Ruiz Ramirez | C28: 0.33333333 | D28: 0.72222222 | F28: =SUM(IF(C28="",0,IF(C28<TIME(8,0,0),TIME(8,0,0)-C28,0))) -> 0 | G28: =SUM( IF(OR(C28="",D28=""),0,MAX(0,IF(D28<C28,D28+1,D28)-MAX(C28,TIME(17,0,0))))) -> 0.013888889 | H28: =G28+F28 -> 0.013888889
A29: Ayudante | B29: Roberto Jose Arauz Alvarado | C29: 0.33333333 | D29: 0.70833333 | F29: =SUM(IF(C29="",0,IF(C29<TIME(8,0,0),TIME(8,0,0)-C29,0))) -> 0 | G29: =SUM( IF(OR(C29="",D29=""),0,MAX(0,IF(D29<C29,D29+1,D29)-MAX(C29,TIME(17,0,0))))) -> 0 | H29: =G29+F29 -> 0
A30: Ayudante | B30: Luis Omar Campos Connolly | C30: 0.33333333 | D30: 0.70833333 | F30: =SUM(IF(C30="",0,IF(C30<TIME(8,0,0),TIME(8,0,0)-C30,0))) -> 0 | G30: =SUM( IF(OR(C30="",D30=""),0,MAX(0,IF(D30<C30,D30+1,D30)-MAX(C30,TIME(17,0,0))))) -> 0 | H30: =G30+F30 -> 0
A31: Ayudante | B31: Emilio Humberto Alegria Sanchez | C31: SUBSIDIO
A32: Ayudante | B32: Pablo Javier Berrios Sotelo | C32: 0.36458333 | D32: 0.86597222 | F32: =SUM(IF(C32="",0,IF(C32<TIME(8,0,0),TIME(8,0,0)-C32,0))) -> 0 | G32: =SUM( IF(OR(C32="",D32=""),0,MAX(0,IF(D32<C32,D32+1,D32)-MAX(C32,TIME(17,0,0))))) -> 0.15763889 | H32: =G32+F32 -> 0.15763889 | I32: DEDUCIDO POR HORAS ACUMULADAS
A33: Ayudante | B33: Ramiro Isaac Solano Flores | C33: 0.33333333 | D33: 0.72222222 | F33: =SUM(IF(C33="",0,IF(C33<TIME(8,0,0),TIME(8,0,0)-C33,0))) -> 0 | G33: =SUM( IF(OR(C33="",D33=""),0,MAX(0,IF(D33<C33,D33+1,D33)-MAX(C33,TIME(17,0,0))))) -> 0.013888889 | H33: =G33+F33 -> 0.013888889
A34: Ayudante | B34: Reggie Sanders Rodriguez Tellez | C34: 0.33333333 | D34: 0.70833333 | F34: =SUM(IF(C34="",0,IF(C34<TIME(8,0,0),TIME(8,0,0)-C34,0))) -> 0 | G34: =SUM( IF(OR(C34="",D34=""),0,MAX(0,IF(D34<C34,D34+1,D34)-MAX(C34,TIME(17,0,0))))) -> 0 | H34: =G34+F34 -> 0
A35: Ayudante | B35: Engel Jose Brenes Aleman | C35: 0.33333333 | D35: 0.70833333 | F35: =SUM(IF(C35="",0,IF(C35<TIME(8,0,0),TIME(8,0,0)-C35,0))) -> 0 | G35: =SUM( IF(OR(C35="",D35=""),0,MAX(0,IF(D35<C35,D35+1,D35)-MAX(C35,TIME(17,0,0))))) -> 0 | H35: =G35+F35 -> 0
A36: Ayudante | B36: Ricky Nelson Bonilla Villagra | C36: 0.33333333 | D36: 0.72222222 | F36: =SUM(IF(C36="",0,IF(C36<TIME(8,0,0),TIME(8,0,0)-C36,0))) -> 0 | G36: =SUM( IF(OR(C36="",D36=""),0,MAX(0,IF(D36<C36,D36+1,D36)-MAX(C36,TIME(17,0,0))))) -> 0.013888889 | H36: =G36+F36 -> 0.013888889
A37: Ayudante | B37: Diego Manuel Potoy Vanegas | C37: 0.33333333 | D37: 0.70833333 | F37: =SUM(IF(C37="",0,IF(C37<TIME(8,0,0),TIME(8,0,0)-C37,0))) -> 0 | G37: =SUM( IF(OR(C37="",D37=""),0,MAX(0,IF(D37<C37,D37+1,D37)-MAX(C37,TIME(17,0,0))))) -> 0 | H37: =G37+F37 -> 0
A38: Ayudante | B38: Henry Alberto Arevalo Velasquez | C38: 0.33333333 | D38: 0.70833333 | F38: =SUM(IF(C38="",0,IF(C38<TIME(8,0,0),TIME(8,0,0)-C38,0))) -> 0 | G38: =SUM( IF(OR(C38="",D38=""),0,MAX(0,IF(D38<C38,D38+1,D38)-MAX(C38,TIME(17,0,0))))) -> 0 | H38: =G38+F38 -> 0
A39: Ayudante | B39: Magdiel Daniel Cruz Aleman | C39: 0.33333333 | D39: 0.70833333 | F39: =SUM(IF(C39="",0,IF(C39<TIME(8,0,0),TIME(8,0,0)-C39,0))) -> 0 | G39: =SUM( IF(OR(C39="",D39=""),0,MAX(0,IF(D39<C39,D39+1,D39)-MAX(C39,TIME(17,0,0))))) -> 0 | H39: =G39+F39 -> 0
A40: Ayudante | B40: Carlos Jose Villavicencio Silva | C40: 0.33333333 | D40: 0.70833333 | F40: =SUM(IF(C40="",0,IF(C40<TIME(8,0,0),TIME(8,0,0)-C40,0))) -> 0 | G40: =SUM( IF(OR(C40="",D40=""),0,MAX(0,IF(D40<C40,D40+1,D40)-MAX(C40,TIME(17,0,0))))) -> 0 | H40: =G40+F40 -> 0
A41: Ayudante | B41: Einer Eliasar Lopez Hernandez | C41: 0.33333333 | D41: 0.72222222 | F41: =SUM(IF(C41="",0,IF(C41<TIME(8,0,0),TIME(8,0,0)-C41,0))) -> 0 | G41: =SUM( IF(OR(C41="",D41=""),0,MAX(0,IF(D41<C41,D41+1,D41)-MAX(C41,TIME(17,0,0))))) -> 0.013888889 | H41: =G41+F41 -> 0.013888889
A42: Ayudante | B42: Walter Roberto Vasquez Ramos | C42: 0.33333333 | D42: 0.70833333 | F42: =SUM(IF(C42="",0,IF(C42<TIME(8,0,0),TIME(8,0,0)-C42,0))) -> 0 | G42: =SUM( IF(OR(C42="",D42=""),0,MAX(0,IF(D42<C42,D42+1,D42)-MAX(C42,TIME(17,0,0))))) -> 0 | H42: =G42+F42 -> 0
A43: Ayudante | B43: Joel Alfonso Rocha Guzman | C43: 0.33333333 | D43: 0.70833333 | F43: =SUM(IF(C43="",0,IF(C43<TIME(8,0,0),TIME(8,0,0)-C43,0))) -> 0 | G43: =SUM( IF(OR(C43="",D43=""),0,MAX(0,IF(D43<C43,D43+1,D43)-MAX(C43,TIME(17,0,0))))) -> 0 | H43: =G43+F43 -> 0
A44: Ayudante | B44: Edwin de Jesus Aleman Davila | C44: 0.33333333 | D44: 0.70833333 | F44: =SUM(IF(C44="",0,IF(C44<TIME(8,0,0),TIME(8,0,0)-C44,0))) -> 0 | G44: =SUM( IF(OR(C44="",D44=""),0,MAX(0,IF(D44<C44,D44+1,D44)-MAX(C44,TIME(17,0,0))))) -> 0 | H44: =G44+F44 -> 0
... A46: Ayudante | B46: Moises Abraham Balmaceda Gusman | C46: 0.33333333 | D46: 0.70833333 | F46: =SUM(IF(C46="",0,IF(C46<TIME(8,0,0),TIME(8,0,0)-C46,0))) -> 0 | G46: =SUM( IF(OR(C46="",D46=""),0,MAX(0,IF(D46<C46,D46+1,D46)-MAX(C46,TIME(17,0,0))))) -> 0 | H46: =G46+F46 -> 0
A47: Ayudante | B47: Juan Rafael Ordoñez Muñoz | C47: VACACIONES
A48: Ayudante | B48: Daylan Jose Gonzalez Velasquez | C48: 0.33333333 | D48: 0.70833333 | F48: =SUM(IF(C48="",0,IF(C48<TIME(8,0,0),TIME(8,0,0)-C48,0))) -> 0 | G48: =SUM( IF(OR(C48="",D48=""),0,MAX(0,IF(D48<C48,D48+1,D48)-MAX(C48,TIME(17,0,0))))) -> 0 | H48: =G48+F48 -> 0
A49: Ayudante | B49: Josue Antonio Davila Davila | C49: 0.33333333 | D49: 0.70833333 | F49: =SUM(IF(C49="",0,IF(C49<TIME(8,0,0),TIME(8,0,0)-C49,0))) -> 0 | G49: =SUM( IF(OR(C49="",D49=""),0,MAX(0,IF(D49<C49,D49+1,D49)-MAX(C49,TIME(17,0,0))))) -> 0 | H49: =G49+F49 -> 0
A50: Ayudante | B50: Elias Alexander Lopez Roque | C50: 0.33333333 | D50: 0.70833333 | F50: =SUM(IF(C50="",0,IF(C50<TIME(8,0,0),TIME(8,0,0)-C50,0))) -> 0 | G50: =SUM( IF(OR(C50="",D50=""),0,MAX(0,IF(D50<C50,D50+1,D50)-MAX(C50,TIME(17,0,0))))) -> 0 | H50: =G50+F50 -> 0
A51: Ayudante | B51: Moises Israel Esquivel Sequeira | C51: 0.33333333 | D51: 0.70833333 | F51: =SUM(IF(C51="",0,IF(C51<TIME(8,0,0),TIME(8,0,0)-C51,0))) -> 0 | G51: =SUM( IF(OR(C51="",D51=""),0,MAX(0,IF(D51<C51,D51+1,D51)-MAX(C51,TIME(17,0,0))))) -> 0 | H51: =G51+F51 -> 0
A52: Ayudante | B52: Anderson Agurto Martinez Avilez | C52: 0.33333333 | D52: 0.72222222 | F52: =SUM(IF(C52="",0,IF(C52<TIME(8,0,0),TIME(8,0,0)-C52,0))) -> 0 | G52: =SUM( IF(OR(C52="",D52=""),0,MAX(0,IF(D52<C52,D52+1,D52)-MAX(C52,TIME(17,0,0))))) -> 0.013888889 | H52: =G52+F52 -> 0.013888889
A53: Admon. Bodega | B53: Harinto Jose Rodriguez Cruz | C53: 0.33333333 | D53: 0.72222222 | F53: =SUM(IF(C53="",0,IF(C53<TIME(8,0,0),TIME(8,0,0)-C53,0))) -> 0 | G53: =SUM( IF(OR(C53="",D53=""),0,MAX(0,IF(D53<C53,D53+1,D53)-MAX(C53,TIME(17,0,0))))) -> 0.013888889 | H53: =G53+F53 -> 0.013888889
A54: Ayudante | B54: Erving Antonio Rios Cardenas | C54: 0.33333333 | D54: 0.86180556 | F54: =SUM(IF(C54="",0,IF(C54<TIME(8,0,0),TIME(8,0,0)-C54,0))) -> 0 | G54: =SUM( IF(OR(C54="",D54=""),0,MAX(0,IF(D54<C54,D54+1,D54)-MAX(C54,TIME(17,0,0))))) -> 0.15347222 | H54: =G54+F54 -> 0.15347222
A55: Ayudante | B55: Cesar Ramon Roa | C55: 0.33333333 | D55: 0.70833333 | F55: =SUM(IF(C55="",0,IF(C55<TIME(8,0,0),TIME(8,0,0)-C55,0))) -> 0 | G55: =SUM( IF(OR(C55="",D55=""),0,MAX(0,IF(D55<C55,D55+1,D55)-MAX(C55,TIME(17,0,0))))) -> 0 | H55: =G55+F55 -> 0
A56: Ayudante | B56: Byron Omar Arburola Hernandez | C56: 0.33333333 | D56: 0.72222222 | F56: =SUM(IF(C56="",0,IF(C56<TIME(8,0,0),TIME(8,0,0)-C56,0))) -> 0 | G56: =SUM( IF(OR(C56="",D56=""),0,MAX(0,IF(D56<C56,D56+1,D56)-MAX(C56,TIME(17,0,0))))) -> 0.013888889 | H56: =G56+F56 -> 0.013888889
A57: Ayudante | B57: Segundo Noel Pichardo Solis | C57: 0.33333333 | D57: 0.72222222 | F57: =SUM(IF(C57="",0,IF(C57<TIME(8,0,0),TIME(8,0,0)-C57,0))) -> 0 | G57: =SUM( IF(OR(C57="",D57=""),0,MAX(0,IF(D57<C57,D57+1,D57)-MAX(C57,TIME(17,0,0))))) -> 0.013888889 | H57: =G57+F57 -> 0.013888889
A58: Ayudante | B58: Erick Jose Hernandez Palacios | C58: 0.33333333 | D58: 0.70833333 | F58: =SUM(IF(C58="",0,IF(C58<TIME(8,0,0),TIME(8,0,0)-C58,0))) -> 0 | G58: =SUM( IF(OR(C58="",D58=""),0,MAX(0,IF(D58<C58,D58+1,D58)-MAX(C58,TIME(17,0,0))))) -> 0 | H58: =G58+F58 -> 0
A59: Ayudante | B59: Alexis Alexander González García | C59: 0.33333333 | D59: 0.72222222 | F59: =SUM(IF(C59="",0,IF(C59<TIME(8,0,0),TIME(8,0,0)-C59,0))) -> 0 | G59: =SUM( IF(OR(C59="",D59=""),0,MAX(0,IF(D59<C59,D59+1,D59)-MAX(C59,TIME(17,0,0))))) -> 0.013888889 | H59: =G59+F59 -> 0.013888889
... A61: Ayudante | B61: Guillermo José Reyes Fernández | C61: 0.33333333 | D61: 0.72222222 | F61: =SUM(IF(C61="",0,IF(C61<TIME(8,0,0),TIME(8,0,0)-C61,0))) -> 0 | G61: =SUM( IF(OR(C61="",D61=""),0,MAX(0,IF(D61<C61,D61+1,D61)-MAX(C61,TIME(17,0,0))))) -> 0.013888889 | H61: =G61+F61 -> 0.013888889
H62: =SUM(H3:H61) -> 0.84375

Sheet 02-09
B1: 0.33333333 | D1: REPORTE DE ASISTENCIA 02 DE SEPTIEMBRE DEL 2026.
A2: Cargo | B2: Nombre | C2: Entrada | D2: Salida | E2: Llegada Tarde | F2: HORAS ACUMULADAS ENTRADA | G2: HORAS ACUMULADAS SALIDAS | H2: Total | I2: Observaciones
A3: Supervisor | B3: David Castillo Martínez | C3: SUBSIDIO
A4: Admon. Bodega | B4: Lenin Amigo de Saul Mendoza Chavarria | C4: 0.46041667 | D4: 0.72916667 | F4: =SUM(IF(C4="",0,IF(C4<TIME(8,0,0),TIME(8,0,0)-C4,0))) -> 0 | G4: =SUM( IF(OR(C4="",D4=""),0,MAX(0,IF(D4<C4,D4+1,D4)-MAX(C4,TIME(17,0,0))))) -> 0.020833333 | H4: =G4+F4 -> 0.020833333 | I4: Clinico
A5: Admon. Bodega | B5: Jose De Jesus Gaitan Lovo | C5: 0.33333333 | D5: 0.72916667 | F5: =SUM(IF(C5="",0,IF(C5<TIME(8,0,0),TIME(8,0,0)-C5,0))) -> 0 | G5: =SUM( IF(OR(C5="",D5=""),0,MAX(0,IF(D5<C5,D5+1,D5)-MAX(C5,TIME(17,0,0))))) -> 0.020833333 | H5: =G5+F5 -> 0.020833333
A6: Admon. Bodega | B6: Fernando Mauricio Salazar | C6: 0.33333333 | D6: 0.72916667 | F6: =SUM(IF(C6="",0,IF(C6<TIME(8,0,0),TIME(8,0,0)-C6,0))) -> 0 | G6: =SUM( IF(OR(C6="",D6=""),0,MAX(0,IF(D6<C6,D6+1,D6)-MAX(C6,TIME(17,0,0))))) -> 0.020833333 | H6: =G6+F6 -> 0.020833333
A7: Admon. Bodega | B7: Elvis Anthony Martinez Hernandez | C7: 0.33333333 | D7: 0.71527778 | F7: =SUM(IF(C7="",0,IF(C7<TIME(8,0,0),TIME(8,0,0)-C7,0))) -> 0 | G7: =SUM( IF(OR(C7="",D7=""),0,MAX(0,IF(D7<C7,D7+1,D7)-MAX(C7,TIME(17,0,0))))) -> 0.0069444444 | H7: =G7+F7 -> 0.0069444444
A8: Admon. Bodega | B8: Sebastian Bautista Rostran Davila | C8: 0.33333333 | D8: 0.70833333 | F8: =SUM(IF(C8="",0,IF(C8<TIME(8,0,0),TIME(8,0,0)-C8,0))) -> 0 | G8: =SUM( IF(OR(C8="",D8=""),0,MAX(0,IF(D8<C8,D8+1,D8)-MAX(C8,TIME(17,0,0))))) -> 0 | H8: =G8+F8 -> 0
A9: Conductor | B9: Denis Alberto Lopez Gonzaga | C9: 0.33333333 | D9: 0.78194444 | F9: =SUM(IF(C9="",0,IF(C9<TIME(8,0,0),TIME(8,0,0)-C9,0))) -> 0 | G9: =SUM( IF(OR(C9="",D9=""),0,MAX(0,IF(D9<C9,D9+1,D9)-MAX(C9,TIME(17,0,0))))) -> 0.073611111 | H9: =G9+F9 -> 0.073611111
A10: Conductor | B10: Jose Gabriel Herrera | C10: 0.33333333 | D10: 0.71527778 | F10: =SUM(IF(C10="",0,IF(C10<TIME(8,0,0),TIME(8,0,0)-C10,0))) -> 0 | G10: =SUM( IF(OR(C10="",D10=""),0,MAX(0,IF(D10<C10,D10+1,D10)-MAX(C10,TIME(17,0,0))))) -> 0.0069444444 | H10: =G10+F10 -> 0.0069444444
A11: Conductor | B11: Francisco Valerio Altamirano | C11: 0.33333333 | D11: 0.72916667 | F11: =SUM(IF(C11="",0,IF(C11<TIME(8,0,0),TIME(8,0,0)-C11,0))) -> 0 | G11: =SUM( IF(OR(C11="",D11=""),0,MAX(0,IF(D11<C11,D11+1,D11)-MAX(C11,TIME(17,0,0))))) -> 0.020833333 | H11: =G11+F11 -> 0.020833333
A12: Conductor | B12: Manuel Salvador Centeno Salinas | C12: 0.33333333 | D12: 0.70833333 | F12: =SUM(IF(C12="",0,IF(C12<TIME(8,0,0),TIME(8,0,0)-C12,0))) -> 0 | G12: =SUM( IF(OR(C12="",D12=""),0,MAX(0,IF(D12<C12,D12+1,D12)-MAX(C12,TIME(17,0,0))))) -> 0 | H12: =G12+F12 -> 0
A13: Conductor | B13: Bayardo Benjamin Moran Lopez | C13: 0.33333333 | D13: 0.79861111 | F13: =SUM(IF(C13="",0,IF(C13<TIME(8,0,0),TIME(8,0,0)-C13,0))) -> 0 | G13: =SUM( IF(OR(C13="",D13=""),0,MAX(0,IF(D13<C13,D13+1,D13)-MAX(C13,TIME(17,0,0))))) -> 0.090277778 | H13: =G13+F13 -> 0.090277778
A14: Conductor | B14: Emerson Alberto Diaz Mendoza | C14: 0.33333333 | D14: 0.75 | F14: =SUM(IF(C14="",0,IF(C14<TIME(8,0,0),TIME(8,0,0)-C14,0))) -> 0 | G14: =SUM( IF(OR(C14="",D14=""),0,MAX(0,IF(D14<C14,D14+1,D14)-MAX(C14,TIME(17,0,0))))) -> 0.041666667 | H14: =G14+F14 -> 0.041666667
A15: Conductor | B15: David Uriel Zamora Martinez | C15: 0.33333333 | D15: 0.70833333 | F15: =SUM(IF(C15="",0,IF(C15<TIME(8,0,0),TIME(8,0,0)-C15,0))) -> 0 | G15: =SUM( IF(OR(C15="",D15=""),0,MAX(0,IF(D15<C15,D15+1,D15)-MAX(C15,TIME(17,0,0))))) -> 0 | H15: =G15+F15 -> 0
A16: Conductor | B16: Jorge Luis Telleria | C16: 0.33333333 | D16: 0.71527778 | F16: =SUM(IF(C16="",0,IF(C16<TIME(8,0,0),TIME(8,0,0)-C16,0))) -> 0 | G16: =SUM( IF(OR(C16="",D16=""),0,MAX(0,IF(D16<C16,D16+1,D16)-MAX(C16,TIME(17,0,0))))) -> 0.0069444444 | H16: =G16+F16 -> 0.0069444444
A17: Conductor | B17: Alejandro Jose Castro Jarquin | C17: A CUENTAS DE HORAS ACUMULADAS
A18: Conductor | B18: Juan Francisco Narvaez Molina | C18: 0.33333333 | D18: 0.72916667 | F18: =SUM(IF(C18="",0,IF(C18<TIME(8,0,0),TIME(8,0,0)-C18,0))) -> 0 | G18: =SUM( IF(OR(C18="",D18=""),0,MAX(0,IF(D18<C18,D18+1,D18)-MAX(C18,TIME(17,0,0))))) -> 0.020833333 | H18: =G18+F18 -> 0.020833333
A19: Conductor | B19: Fernando Antonio Centeno Gaitan | C19: 0.33333333 | D19: 0.70833333 | F19: =SUM(IF(C19="",0,IF(C19<TIME(8,0,0),TIME(8,0,0)-C19,0))) -> 0 | G19: =SUM( IF(OR(C19="",D19=""),0,MAX(0,IF(D19<C19,D19+1,D19)-MAX(C19,TIME(17,0,0))))) -> 0 | H19: =G19+F19 -> 0
A20: Conductor | B20: Richard Antonio Carrion Alvarez | C20: VACACIONES
A21: Conductor | B21: Dietrich Rafael Bone Burgos | C21: VACACIONES
A22: Conductor | B22: Juan Abrahán Duran Tercero | C22: 0.35 | D22: 0.70833333 | F22: =SUM(IF(C22="",0,IF(C22<TIME(8,0,0),TIME(8,0,0)-C22,0))) -> 0 | G22: =SUM( IF(OR(C22="",D22=""),0,MAX(0,IF(D22<C22,D22+1,D22)-MAX(C22,TIME(17,0,0))))) -> 0 | H22: =G22+F22 -> 0 | I22: DEDUCIDO POR HORAS ACUMULADAS
A23: Conductor | B23: Orlando José Ayerdis Barrios | C23: 0.33333333 | D23: 0.70833333 | F23: =SUM(IF(C23="",0,IF(C23<TIME(8,0,0),TIME(8,0,0)-C23,0))) -> 0 | G23: =SUM( IF(OR(C23="",D23=""),0,MAX(0,IF(D23<C23,D23+1,D23)-MAX(C23,TIME(17,0,0))))) -> 0 | H23: =G23+F23 -> 0
A24: Ayudante | B24: Walter Bernardino Aburto Maltez | C24: 0.33333333 | D24: 0.71527778 | F24: =SUM(IF(C24="",0,IF(C24<TIME(8,0,0),TIME(8,0,0)-C24,0))) -> 0 | G24: =SUM( IF(OR(C24="",D24=""),0,MAX(0,IF(D24<C24,D24+1,D24)-MAX(C24,TIME(17,0,0))))) -> 0.0069444444 | H24: =G24+F24 -> 0.0069444444
A25: Ayudante | B25: Bismarck Antonio Perez Aburto | C25: 0.33333333 | D25: 0.72916667 | F25: =SUM(IF(C25="",0,IF(C25<TIME(8,0,0),TIME(8,0,0)-C25,0))) -> 0 | G25: =SUM( IF(OR(C25="",D25=""),0,MAX(0,IF(D25<C25,D25+1,D25)-MAX(C25,TIME(17,0,0))))) -> 0.020833333 | H25: =G25+F25 -> 0.020833333
A26: Ayudante | B26: Jose Ariel Espinoza Parrales | C26: 0.33333333 | D26: 0.72916667 | F26: =SUM(IF(C26="",0,IF(C26<TIME(8,0,0),TIME(8,0,0)-C26,0))) -> 0 | G26: =SUM( IF(OR(C26="",D26=""),0,MAX(0,IF(D26<C26,D26+1,D26)-MAX(C26,TIME(17,0,0))))) -> 0.020833333 | H26: =G26+F26 -> 0.020833333
A27: Ayudante | B27: Yaro de Jesus Castillo Muñoz | C27: 0.33333333 | D27: 0.71527778 | F27: =SUM(IF(C27="",0,IF(C27<TIME(8,0,0),TIME(8,0,0)-C27,0))) -> 0 | G27: =SUM( IF(OR(C27="",D27=""),0,MAX(0,IF(D27<C27,D27+1,D27)-MAX(C27,TIME(17,0,0))))) -> 0.0069444444 | H27: =G27+F27 -> 0.0069444444
A28: Ayudante | B28: Orlando De Jesus Ruiz Ramirez | C28: 0.33333333 | D28: 0.72916667 | F28: =SUM(IF(C28="",0,IF(C28<TIME(8,0,0),TIME(8,0,0)-C28,0))) -> 0 | G28: =SUM( IF(OR(C28="",D28=""),0,MAX(0,IF(D28<C28,D28+1,D28)-MAX(C28,TIME(17,0,0))))) -> 0.020833333 | H28: =G28+F28 -> 0.020833333
A29: Ayudante | B29: Roberto Jose Arauz Alvarado | C29: 0.33333333 | D29: 0.72916667 | F29: =SUM(IF(C29="",0,IF(C29<TIME(8,0,0),TIME(8,0,0)-C29,0))) -> 0 | G29: =SUM( IF(OR(C29="",D29=""),0,MAX(0,IF(D29<C29,D29+1,D29)-MAX(C29,TIME(17,0,0))))) -> 0.020833333 | H29: =G29+F29 -> 0.020833333
A30: Ayudante | B30: Luis Omar Campos Connolly | C30: 0.33333333 | D30: 0.70833333 | F30: =SUM(IF(C30="",0,IF(C30<TIME(8,0,0),TIME(8,0,0)-C30,0))) -> 0 | G30: =SUM( IF(OR(C30="",D30=""),0,MAX(0,IF(D30<C30,D30+1,D30)-MAX(C30,TIME(17,0,0))))) -> 0 | H30: =G30+F30 -> 0
A31: Ayudante | B31: Emilio Humberto Alegria Sanchez | C31: SUBSIDIO
A32: Ayudante | B32: Pablo Javier Berrios Sotelo | C32: 0.33333333 | D32: 0.54166667 | F32: =SUM(IF(C32="",0,IF(C32<TIME(8,0,0),TIME(8,0,0)-C32,0))) -> 0 | G32: =SUM( IF(OR(C32="",D32=""),0,MAX(0,IF(D32<C32,D32+1,D32)-MAX(C32,TIME(17,0,0))))) -> 0 | H32: =G32+F32 -> 0 | I32: DEDUCIDO POR HORAS ACUMULADAS
A33: Ayudante | B33: Ramiro Isaac Solano Flores | C33: 0.33333333 | D33: 0.72916667 | F33: =SUM(IF(C33="",0,IF(C33<TIME(8,0,0),TIME(8,0,0)-C33,0))) -> 0 | G33: =SUM( IF(OR(C33="",D33=""),0,MAX(0,IF(D33<C33,D33+1,D33)-MAX(C33,TIME(17,0,0))))) -> 0.020833333 | H33: =G33+F33 -> 0.020833333
A34: Ayudante | B34: Reggie Sanders Rodriguez Tellez | C34: 0.33333333 | D34: 0.72916667 | F34: =SUM(IF(C34="",0,IF(C34<TIME(8,0,0),TIME(8,0,0)-C34,0))) -> 0 | G34: =SUM( IF(OR(C34="",D34=""),0,MAX(0,IF(D34<C34,D34+1,D34)-MAX(C34,TIME(17,0,0))))) -> 0.020833333 | H34: =G34+F34 -> 0.020833333
A35: Ayudante | B35: Engel Jose Brenes Aleman | C35: 0.33333333 | D35: 0.71527778 | F35: =SUM(IF(C35="",0,IF(C35<TIME(8,0,0),TIME(8,0,0)-C35,0))) -> 0 | G35: =SUM( IF(OR(C35="",D35=""),0,MAX(0,IF(D35<C35,D35+1,D35)-MAX(C35,TIME(17,0,0))))) -> 0.0069444444 | H35: =G35+F35 -> 0.0069444444
A36: Ayudante | B36: Ricky Nelson Bonilla Villagra | C36: 0.33333333 | D36: 0.71527778 | F36: =SUM(IF(C36="",0,IF(C36<TIME(8,0,0),TIME(8,0,0)-C36,0))) -> 0 | G36: =SUM( IF(OR(C36="",D36=""),0,MAX(0,IF(D36<C36,D36+1,D36)-MAX(C36,TIME(17,0,0))))) -> 0.0069444444 | H36: =G36+F36 -> 0.0069444444
A37: Ayudante | B37: Diego Manuel Potoy Vanegas | C37: 0.33333333 | D37: 0.77986111 | F37: =SUM(IF(C37="",0,IF(C37<TIME(8,0,0),TIME(8,0,0)-C37,0))) -> 0 | G37: =SUM( IF(OR(C37="",D37=""),0,MAX(0,IF(D37<C37,D37+1,D37)-MAX(C37,TIME(17,0,0))))) -> 0.071527778 | H37: =G37+F37 -> 0.071527778
A38: Ayudante | B38: Henry Alberto Arevalo Velasquez | C38: A CUENTAS DE HORAS ACUMULADAS
A39: Ayudante | B39: Magdiel Daniel Cruz Aleman | C39: 0.33333333 | D39: 0.72916667 | F39: =SUM(IF(C39="",0,IF(C39<TIME(8,0,0),TIME(8,0,0)-C39,0))) -> 0 | G39: =SUM( IF(OR(C39="",D39=""),0,MAX(0,IF(D39<C39,D39+1,D39)-MAX(C39,TIME(17,0,0))))) -> 0.020833333 | H39: =G39+F39 -> 0.020833333
A40: Ayudante | B40: Carlos Jose Villavicencio Silva | C40: 0.33333333 | D40: 0.71527778 | F40: =SUM(IF(C40="",0,IF(C40<TIME(8,0,0),TIME(8,0,0)-C40,0))) -> 0 | G40: =SUM( IF(OR(C40="",D40=""),0,MAX(0,IF(D40<C40,D40+1,D40)-MAX(C40,TIME(17,0,0))))) -> 0.0069444444 | H40: =G40+F40 -> 0.0069444444
A41: Ayudante | B41: Einer Eliasar Lopez Hernandez | C41: 0.33333333 | D41: 0.71527778 | F41: =SUM(IF(C41="",0,IF(C41<TIME(8,0,0),TIME(8,0,0)-C41,0))) -> 0 | G41: =SUM( IF(OR(C41="",D41=""),0,MAX(0,IF(D41<C41,D41+1,D41)-MAX(C41,TIME(17,0,0))))) -> 0.0069444444 | H41: =G41+F41 -> 0.0069444444
A42: Ayudante | B42: Walter Roberto Vasquez Ramos | C42: 0.33333333 | D42: 0.74791667 | F42: =SUM(IF(C42="",0,IF(C42<TIME(8,0,0),TIME(8,0,0)-C42,0))) -> 0 | G42: =SUM( IF(OR(C42="",D42=""),0,MAX(0,IF(D42<C42,D42+1,D42)-MAX(C42,TIME(17,0,0))))) -> 0.039583333 | H42: =G42+F42 -> 0.039583333
A43: Ayudante | B43: Joel Alfonso Rocha Guzman | C43: 0.33333333 | D43: 0.72916667 | F43: =SUM(IF(C43="",0,IF(C43<TIME(8,0,0),TIME(8,0,0)-C43,0))) -> 0 | G43: =SUM( IF(OR(C43="",D43=""),0,MAX(0,IF(D43<C43,D43+1,D43)-MAX(C43,TIME(17,0,0))))) -> 0.020833333 | H43: =G43+F43 -> 0.020833333
A44: Ayudante | B44: Edwin de Jesus Aleman Davila | C44: 0.33333333 | D44: 0.74791667 | F44: =SUM(IF(C44="",0,IF(C44<TIME(8,0,0),TIME(8,0,0)-C44,0))) -> 0 | G44: =SUM( IF(OR(C44="",D44=""),0,MAX(0,IF(D44<C44,D44+1,D44)-MAX(C44,TIME(17,0,0))))) -> 0.039583333 | H44: =G44+F44 -> 0.039583333
A45: Ayudante | B45: Marvin Josue Martinez Canales | C45: 0.33333333 | D45: 0.71527778 | F45: =SUM(IF(C45="",0,IF(C45<TIME(8,0,0),TIME(8,0,0)-C45,0))) -> 0 | G45: =SUM( IF(OR(C45="",D45=""),0,MAX(0,IF(D45<C45,D45+1,D45)-MAX(C45,TIME(17,0,0))))) -> 0.0069444444 | H45: =G45+F45 -> 0.0069444444
A46: Ayudante | B46: Moises Abraham Balmaceda Gusman | C46: 0.33333333 | D46: 0.70833333 | F46: =SUM(IF(C46="",0,IF(C46<TIME(8,0,0),TIME(8,0,0)-C46,0))) -> 0 | G46: =SUM( IF(OR(C46="",D46=""),0,MAX(0,IF(D46<C46,D46+1,D46)-MAX(C46,TIME(17,0,0))))) -> 0 | H46: =G46+F46 -> 0
A47: Ayudante | B47: Juan Rafael Ordoñez Muñoz | C47: VACACIONES
A48: Ayudante | B48: Daylan Jose Gonzalez Velasquez | C48: 0.33333333 | D48: 0.71527778 | F48: =SUM(IF(C48="",0,IF(C48<TIME(8,0,0),TIME(8,0,0)-C48,0))) -> 0 | G48: =SUM( IF(OR(C48="",D48=""),0,MAX(0,IF(D48<C48,D48+1,D48)-MAX(C48,TIME(17,0,0))))) -> 0.0069444444 | H48: =G48+F48 -> 0.0069444444
A49: Ayudante | B49: Josue Antonio Davila Davila | C49: 0.33333333 | D49: 0.77986111 | F49: =SUM(IF(C49="",0,IF(C49<TIME(8,0,0),TIME(8,0,0)-C49,0))) -> 0 | G49: =SUM( IF(OR(C49="",D49=""),0,MAX(0,IF(D49<C49,D49+1,D49)-MAX(C49,TIME(17,0,0))))) -> 0.071527778 | H49: =G49+F49 -> 0.071527778
A50: Ayudante | B50: Elias Alexander Lopez Roque | C50: 0.33333333 | D50: 0.71527778 | F50: =SUM(IF(C50="",0,IF(C50<TIME(8,0,0),TIME(8,0,0)-C50,0))) -> 0 | G50: =SUM( IF(OR(C50="",D50=""),0,MAX(0,IF(D50<C50,D50+1,D50)-MAX(C50,TIME(17,0,0))))) -> 0.0069444444 | H50: =G50+F50 -> 0.0069444444
A51: Ayudante | B51: Moises Israel Esquivel Sequeira | C51: 0.33333333 | D51: 0.70833333 | F51: =SUM(IF(C51="",0,IF(C51<TIME(8,0,0),TIME(8,0,0)-C51,0))) -> 0 | G51: =SUM( IF(OR(C51="",D51=""),0,MAX(0,IF(D51<C51,D51+1,D51)-MAX(C51,TIME(17,0,0))))) -> 0 | H51: =G51+F51 -> 0
A52: Ayudante | B52: Anderson Agurto Martinez Avilez | C52: 0.33333333 | D52: 0.70833333 | F52: =SUM(IF(C52="",0,IF(C52<TIME(8,0,0),TIME(8,0,0)-C52,0))) -> 0 | G52: =SUM( IF(OR(C52="",D52=""),0,MAX(0,IF(D52<C52,D52+1,D52)-MAX(C52,TIME(17,0,0))))) -> 0 | H52: =G52+F52 -> 0
A53: Admon. Bodega | B53: Harinto Jose Rodriguez Cruz | C53: 0.33333333 | D53: 0.72916667 | F53: =SUM(IF(C53="",0,IF(C53<TIME(8,0,0),TIME(8,0,0)-C53,0))) -> 0 | G53: =SUM( IF(OR(C53="",D53=""),0,MAX(0,IF(D53<C53,D53+1,D53)-MAX(C53,TIME(17,0,0))))) -> 0.020833333 | H53: =G53+F53 -> 0.020833333
A54: Ayudante | B54: Erving Antonio Rios Cardenas | C54: 0.33333333 | D54: 0.71527778 | F54: =SUM(IF(C54="",0,IF(C54<TIME(8,0,0),TIME(8,0,0)-C54,0))) -> 0 | G54: =SUM( IF(OR(C54="",D54=""),0,MAX(0,IF(D54<C54,D54+1,D54)-MAX(C54,TIME(17,0,0))))) -> 0.0069444444 | H54: =G54+F54 -> 0.0069444444
A55: Ayudante | B55: Cesar Ramon Roa | C55: 0.33333333 | D55: 0.70833333 | F55: =SUM(IF(C55="",0,IF(C55<TIME(8,0,0),TIME(8,0,0)-C55,0))) -> 0 | G55: =SUM( IF(OR(C55="",D55=""),0,MAX(0,IF(D55<C55,D55+1,D55)-MAX(C55,TIME(17,0,0))))) -> 0 | H55: =G55+F55 -> 0
A56: Ayudante | B56: Byron Omar Arburola Hernandez | C56: 0.33333333 | D56: 0.70833333 | F56: =SUM(IF(C56="",0,IF(C56<TIME(8,0,0),TIME(8,0,0)-C56,0))) -> 0 | G56: =SUM( IF(OR(C56="",D56=""),0,MAX(0,IF(D56<C56,D56+1,D56)-MAX(C56,TIME(17,0,0))))) -> 0 | H56: =G56+F56 -> 0
A57: Ayudante | B57: Segundo Noel Pichardo Solis | C57: 0.33333333 | D57: 0.72916667 | F57: =SUM(IF(C57="",0,IF(C57<TIME(8,0,0),TIME(8,0,0)-C57,0))) -> 0 | G57: =SUM( IF(OR(C57="",D57=""),0,MAX(0,IF(D57<C57,D57+1,D57)-MAX(C57,TIME(17,0,0))))) -> 0.020833333 | H57: =G57+F57 -> 0.020833333
A58: Ayudante | B58: Erick Jose Hernandez Palacios | C58: 0.33333333 | D58: 0.71527778 | F58: =SUM(IF(C58="",0,IF(C58<TIME(8,0,0),TIME(8,0,0)-C58,0))) -> 0 | G58: =SUM( IF(OR(C58="",D58=""),0,MAX(0,IF(D58<C58,D58+1,D58)-MAX(C58,TIME(17,0,0))))) -> 0.0069444444 | H58: =G58+F58 -> 0.0069444444
A59: Ayudante | B59: Alexis Alexander González García | C59: 0.33333333 | D59: 0.71527778 | F59: =SUM(IF(C59="",0,IF(C59<TIME(8,0,0),TIME(8,0,0)-C59,0))) -> 0 | G59: =SUM( IF(OR(C59="",D59=""),0,MAX(0,IF(D59<C59,D59+1,D59)-MAX(C59,TIME(17,0,0))))) -> 0.0069444444 | H59: =G59+F59 -> 0.0069444444
... A61: Ayudante | B61: Guillermo José Reyes Fernández | C61: 0.33333333 | D61: 0.71527778 | F61: =SUM(IF(C61="",0,IF(C61<TIME(8,0,0),TIME(8,0,0)-C61,0))) -> 0 | G61: =SUM( IF(OR(C61="",D61=""),0,MAX(0,IF(D61<C61,D61+1,D61)-MAX(C61,TIME(17,0,0))))) -> 0.0069444444 | H61: =G61+F61 -> 0.0069444444
H62: =SUM(H3:H61) -> 0.87222222

Sheet 01-09
B1: 0.33333333 | D1: REPORTE DE ASISTENCIA 01 DE SEPTIEMBRE DEL 2026.
A2: Cargo | B2: Nombre | C2: Entrada | D2: Salida | E2: Llegada Tarde | F2: HORAS ACUMULADAS ENTRADA | G2: HORAS ACUMULADAS SALIDAS | H2: Total | I2: Observaciones
A3: Supervisor | B3: David Castillo Martínez | C3: SUBSIDIO
A4: Admon. Bodega | B4: Lenin Amigo de Saul Mendoza Chavarria | C4: 0.40486111 | D4: 0.75625 | F4: =SUM(IF(C4="",0,IF(C4<TIME(8,0,0),TIME(8,0,0)-C4,0))) -> 0 | G4: =SUM( IF(OR(C4="",D4=""),0,MAX(0,IF(D4<C4,D4+1,D4)-MAX(C4,TIME(17,0,0))))) -> 0.047916667 | H4: =G4+F4 -> 0.047916667 | I4: Clinico
A5: Admon. Bodega | B5: Jose De Jesus Gaitan Lovo | C5: 0.33333333 | D5: 0.75625 | F5: =SUM(IF(C5="",0,IF(C5<TIME(8,0,0),TIME(8,0,0)-C5,0))) -> 0 | G5: =SUM( IF(OR(C5="",D5=""),0,MAX(0,IF(D5<C5,D5+1,D5)-MAX(C5,TIME(17,0,0))))) -> 0.047916667 | H5: =G5+F5 -> 0.047916667
A6: Admon. Bodega | B6: Fernando Mauricio Salazar | C6: 0.33333333 | D6: 0.75625 | F6: =SUM(IF(C6="",0,IF(C6<TIME(8,0,0),TIME(8,0,0)-C6,0))) -> 0 | G6: =SUM( IF(OR(C6="",D6=""),0,MAX(0,IF(D6<C6,D6+1,D6)-MAX(C6,TIME(17,0,0))))) -> 0.047916667 | H6: =G6+F6 -> 0.047916667
A7: Admon. Bodega | B7: Elvis Anthony Martinez Hernandez | C7: 0.33333333 | D7: 0.70833333 | F7: =SUM(IF(C7="",0,IF(C7<TIME(8,0,0),TIME(8,0,0)-C7,0))) -> 0 | G7: =SUM( IF(OR(C7="",D7=""),0,MAX(0,IF(D7<C7,D7+1,D7)-MAX(C7,TIME(17,0,0))))) -> 0 | H7: =G7+F7 -> 0
A8: Conductor | B8: Denis Alberto Lopez Gonzaga | C8: 0.54166667 | D8: 0.70833333 | F8: =SUM(IF(C8="",0,IF(C8<TIME(8,0,0),TIME(8,0,0)-C8,0))) -> 0 | G8: =SUM( IF(OR(C8="",D8=""),0,MAX(0,IF(D8<C8,D8+1,D8)-MAX(C8,TIME(17,0,0))))) -> 0 | H8: =G8+F8 -> 0 | I8: DEDUCIDO POR HORAS ACUMULADAS
A9: Conductor | B9: Jose Gabriel Herrera | C9: 0.33333333 | D9: 0.70833333 | F9: =SUM(IF(C9="",0,IF(C9<TIME(8,0,0),TIME(8,0,0)-C9,0))) -> 0 | G9: =SUM( IF(OR(C9="",D9=""),0,MAX(0,IF(D9<C9,D9+1,D9)-MAX(C9,TIME(17,0,0))))) -> 0 | H9: =G9+F9 -> 0
A10: Conductor | B10: Francisco Valerio Altamirano | C10: 0.33333333 | D10: 0.70833333 | F10: =SUM(IF(C10="",0,IF(C10<TIME(8,0,0),TIME(8,0,0)-C10,0))) -> 0 | G10: =SUM( IF(OR(C10="",D10=""),0,MAX(0,IF(D10<C10,D10+1,D10)-MAX(C10,TIME(17,0,0))))) -> 0 | H10: =G10+F10 -> 0
A11: Conductor | B11: Manuel Salvador Centeno Salinas | C11: 0.47916667 | D11: 0.70833333 | F11: =SUM(IF(C11="",0,IF(C11<TIME(8,0,0),TIME(8,0,0)-C11,0))) -> 0 | G11: =SUM( IF(OR(C11="",D11=""),0,MAX(0,IF(D11<C11,D11+1,D11)-MAX(C11,TIME(17,0,0))))) -> 0 | H11: =G11+F11 -> 0 | I11: DEDUCIDO POR HORAS ACUMULADAS
A12: Conductor | B12: Bayardo Benjamin Moran Lopez | C12: 0.54166667 | D12: 0.70833333 | F12: =SUM(IF(C12="",0,IF(C12<TIME(8,0,0),TIME(8,0,0)-C12,0))) -> 0 | G12: =SUM( IF(OR(C12="",D12=""),0,MAX(0,IF(D12<C12,D12+1,D12)-MAX(C12,TIME(17,0,0))))) -> 0 | H12: =G12+F12 -> 0 | I12: DEDUCIDO POR HORAS ACUMULADAS
A13: Conductor | B13: Emerson Alberto Diaz Mendoza | C13: 0.54166667 | D13: 0.70833333 | F13: =SUM(IF(C13="",0,IF(C13<TIME(8,0,0),TIME(8,0,0)-C13,0))) -> 0 | G13: =SUM( IF(OR(C13="",D13=""),0,MAX(0,IF(D13<C13,D13+1,D13)-MAX(C13,TIME(17,0,0))))) -> 0 | H13: =G13+F13 -> 0 | I13: DEDUCIDO POR HORAS ACUMULADAS
A14: Conductor | B14: David Uriel Zamora Martinez | C14: 0.33333333 | D14: 0.70833333 | F14: =SUM(IF(C14="",0,IF(C14<TIME(8,0,0),TIME(8,0,0)-C14,0))) -> 0 | G14: =SUM( IF(OR(C14="",D14=""),0,MAX(0,IF(D14<C14,D14+1,D14)-MAX(C14,TIME(17,0,0))))) -> 0 | H14: =G14+F14 -> 0
A15: Conductor | B15: Jorge Luis Telleria | C15: 0.33333333 | D15: 0.73333333 | F15: =SUM(IF(C15="",0,IF(C15<TIME(8,0,0),TIME(8,0,0)-C15,0))) -> 0 | G15: =SUM( IF(OR(C15="",D15=""),0,MAX(0,IF(D15<C15,D15+1,D15)-MAX(C15,TIME(17,0,0))))) -> 0.025 | H15: =G15+F15 -> 0.025
A16: Conductor | B16: Alejandro Jose Castro Jarquin | C16: A CUENTAS DE HORAS ACUMULADAS
A17: Conductor | B17: Juan Francisco Narvaez Molina | C17: 0.33333333 | D17: 0.77777778 | F17: =SUM(IF(C17="",0,IF(C17<TIME(8,0,0),TIME(8,0,0)-C17,0))) -> 0 | G17: =SUM( IF(OR(C17="",D17=""),0,MAX(0,IF(D17<C17,D17+1,D17)-MAX(C17,TIME(17,0,0))))) -> 0.069444444 | H17: =G17+F17 -> 0.069444444
A18: Conductor | B18: Fernando Antonio Centeno Gaitan | C18: 0.33333333 | D18: 0.70833333 | F18: =SUM(IF(C18="",0,IF(C18<TIME(8,0,0),TIME(8,0,0)-C18,0))) -> 0 | G18: =SUM( IF(OR(C18="",D18=""),0,MAX(0,IF(D18<C18,D18+1,D18)-MAX(C18,TIME(17,0,0))))) -> 0 | H18: =G18+F18 -> 0
A19: Conductor | B19: Richard Antonio Carrion Alvarez | C19: VACACIONES
A20: Conductor | B20: Dietrich Rafael Bone Burgos | C20: VACACIONES
A21: Conductor | B21: Juan Abrahán Duran Tercero | C21: 0.33333333 | D21: 0.70833333 | F21: =SUM(IF(C21="",0,IF(C21<TIME(8,0,0),TIME(8,0,0)-C21,0))) -> 0 | G21: =SUM( IF(OR(C21="",D21=""),0,MAX(0,IF(D21<C21,D21+1,D21)-MAX(C21,TIME(17,0,0))))) -> 0 | H21: =G21+F21 -> 0
A22: Conductor | B22: Orlando José Ayerdis Barrios | C22: 0.33333333 | D22: 0.73333333 | F22: =SUM(IF(C22="",0,IF(C22<TIME(8,0,0),TIME(8,0,0)-C22,0))) -> 0 | G22: =SUM( IF(OR(C22="",D22=""),0,MAX(0,IF(D22<C22,D22+1,D22)-MAX(C22,TIME(17,0,0))))) -> 0.025 | H22: =G22+F22 -> 0.025
A23: Ayudante | B23: Walter Bernardino Aburto Maltez | C23: 0.38888889 | D23: 0.70833333 | F23: =SUM(IF(C23="",0,IF(C23<TIME(8,0,0),TIME(8,0,0)-C23,0))) -> 0 | G23: =SUM( IF(OR(C23="",D23=""),0,MAX(0,IF(D23<C23,D23+1,D23)-MAX(C23,TIME(17,0,0))))) -> 0 | H23: =G23+F23 -> 0 | I23: Constancia Medica
A24: Ayudante | B24: Bismarck Antonio Perez Aburto | C24: 0.33333333 | D24: 0.75625 | F24: =SUM(IF(C24="",0,IF(C24<TIME(8,0,0),TIME(8,0,0)-C24,0))) -> 0 | G24: =SUM( IF(OR(C24="",D24=""),0,MAX(0,IF(D24<C24,D24+1,D24)-MAX(C24,TIME(17,0,0))))) -> 0.047916667 | H24: =G24+F24 -> 0.047916667
A25: Ayudante | B25: Jose Ariel Espinoza Parrales | C25: 0.33333333 | D25: 0.75625 | F25: =SUM(IF(C25="",0,IF(C25<TIME(8,0,0),TIME(8,0,0)-C25,0))) -> 0 | G25: =SUM( IF(OR(C25="",D25=""),0,MAX(0,IF(D25<C25,D25+1,D25)-MAX(C25,TIME(17,0,0))))) -> 0.047916667 | H25: =G25+F25 -> 0.047916667
A26: Ayudante | B26: Yaro de Jesus Castillo Muñoz | C26: 0.33333333 | D26: 0.70833333 | F26: =SUM(IF(C26="",0,IF(C26<TIME(8,0,0),TIME(8,0,0)-C26,0))) -> 0 | G26: =SUM( IF(OR(C26="",D26=""),0,MAX(0,IF(D26<C26,D26+1,D26)-MAX(C26,TIME(17,0,0))))) -> 0 | H26: =G26+F26 -> 0
A27: Ayudante | B27: Orlando De Jesus Ruiz Ramirez | C27: 0.54166667 | D27: 0.70833333 | F27: =SUM(IF(C27="",0,IF(C27<TIME(8,0,0),TIME(8,0,0)-C27,0))) -> 0 | G27: =SUM( IF(OR(C27="",D27=""),0,MAX(0,IF(D27<C27,D27+1,D27)-MAX(C27,TIME(17,0,0))))) -> 0 | H27: =G27+F27 -> 0 | I27: Constancia Medica
A28: Ayudante | B28: Roberto Jose Arauz Alvarado | C28: 0.33333333 | D28: 0.70833333 | F28: =SUM(IF(C28="",0,IF(C28<TIME(8,0,0),TIME(8,0,0)-C28,0))) -> 0 | G28: =SUM( IF(OR(C28="",D28=""),0,MAX(0,IF(D28<C28,D28+1,D28)-MAX(C28,TIME(17,0,0))))) -> 0 | H28: =G28+F28 -> 0
A29: Ayudante | B29: Luis Omar Campos Connolly | C29: 0.33333333 | D29: 0.71597222 | F29: =SUM(IF(C29="",0,IF(C29<TIME(8,0,0),TIME(8,0,0)-C29,0))) -> 0 | G29: =SUM( IF(OR(C29="",D29=""),0,MAX(0,IF(D29<C29,D29+1,D29)-MAX(C29,TIME(17,0,0))))) -> 0.0076388889 | H29: =G29+F29 -> 0.0076388889
A30: Ayudante | B30: Emilio Humberto Alegria Sanchez | C30: SUBSIDIO
A31: Ayudante | B31: Pablo Javier Berrios Sotelo | C31: 0.33333333 | D31: 0.54166667 | F31: =SUM(IF(C31="",0,IF(C31<TIME(8,0,0),TIME(8,0,0)-C31,0))) -> 0 | G31: =SUM( IF(OR(C31="",D31=""),0,MAX(0,IF(D31<C31,D31+1,D31)-MAX(C31,TIME(17,0,0))))) -> 0 | H31: =G31+F31 -> 0 | I31: DEDUCIDO POR HORAS ACUMULADAS
A32: Ayudante | B32: Ramiro Isaac Solano Flores | C32: 0.33333333 | D32: 0.70833333 | F32: =SUM(IF(C32="",0,IF(C32<TIME(8,0,0),TIME(8,0,0)-C32,0))) -> 0 | G32: =SUM( IF(OR(C32="",D32=""),0,MAX(0,IF(D32<C32,D32+1,D32)-MAX(C32,TIME(17,0,0))))) -> 0 | H32: =G32+F32 -> 0
A33: Ayudante | B33: Reggie Sanders Rodriguez Tellez | C33: 0.33333333 | D33: 0.70833333 | F33: =SUM(IF(C33="",0,IF(C33<TIME(8,0,0),TIME(8,0,0)-C33,0))) -> 0 | G33: =SUM( IF(OR(C33="",D33=""),0,MAX(0,IF(D33<C33,D33+1,D33)-MAX(C33,TIME(17,0,0))))) -> 0 | H33: =G33+F33 -> 0
A34: Ayudante | B34: Engel Jose Brenes Aleman | C34: 0.33333333 | D34: 0.70833333 | F34: =SUM(IF(C34="",0,IF(C34<TIME(8,0,0),TIME(8,0,0)-C34,0))) -> 0 | G34: =SUM( IF(OR(C34="",D34=""),0,MAX(0,IF(D34<C34,D34+1,D34)-MAX(C34,TIME(17,0,0))))) -> 0 | H34: =G34+F34 -> 0
A35: Ayudante | B35: Ricky Nelson Bonilla Villagra | C35: 0.33333333 | D35: 0.75625 | F35: =SUM(IF(C35="",0,IF(C35<TIME(8,0,0),TIME(8,0,0)-C35,0))) -> 0 | G35: =SUM( IF(OR(C35="",D35=""),0,MAX(0,IF(D35<C35,D35+1,D35)-MAX(C35,TIME(17,0,0))))) -> 0.047916667 | H35: =G35+F35 -> 0.047916667
A36: Ayudante | B36: Diego Manuel Potoy Vanegas | C36: 0.33333333 | D36: 0.70833333 | F36: =SUM(IF(C36="",0,IF(C36<TIME(8,0,0),TIME(8,0,0)-C36,0))) -> 0 | G36: =SUM( IF(OR(C36="",D36=""),0,MAX(0,IF(D36<C36,D36+1,D36)-MAX(C36,TIME(17,0,0))))) -> 0 | H36: =G36+F36 -> 0
A37: Ayudante | B37: Henry Alberto Arevalo Velasquez | C37: 0.33333333 | D37: 0.68402778 | F37: =SUM(IF(C37="",0,IF(C37<TIME(8,0,0),TIME(8,0,0)-C37,0))) -> 0 | G37: =SUM( IF(OR(C37="",D37=""),0,MAX(0,IF(D37<C37,D37+1,D37)-MAX(C37,TIME(17,0,0))))) -> 0 | H37: =G37+F37 -> 0 | I37: DEDUCIDO POR HORAS ACUMULADAS
A38: Ayudante | B38: Magdiel Daniel Cruz Aleman | C38: 0.33333333 | D38: 0.70833333 | F38: =SUM(IF(C38="",0,IF(C38<TIME(8,0,0),TIME(8,0,0)-C38,0))) -> 0 | G38: =SUM( IF(OR(C38="",D38=""),0,MAX(0,IF(D38<C38,D38+1,D38)-MAX(C38,TIME(17,0,0))))) -> 0 | H38: =G38+F38 -> 0
A39: Ayudante | B39: Carlos Jose Villavicencio Silva | C39: 0.33333333 | D39: 0.70833333 | F39: =SUM(IF(C39="",0,IF(C39<TIME(8,0,0),TIME(8,0,0)-C39,0))) -> 0 | G39: =SUM( IF(OR(C39="",D39=""),0,MAX(0,IF(D39<C39,D39+1,D39)-MAX(C39,TIME(17,0,0))))) -> 0 | H39: =G39+F39 -> 0
A40: Ayudante | B40: Einer Eliasar Lopez Hernandez | C40: 0.33333333 | D40: 0.70833333 | F40: =SUM(IF(C40="",0,IF(C40<TIME(8,0,0),TIME(8,0,0)-C40,0))) -> 0 | G40: =SUM( IF(OR(C40="",D40=""),0,MAX(0,IF(D40<C40,D40+1,D40)-MAX(C40,TIME(17,0,0))))) -> 0 | H40: =G40+F40 -> 0
A41: Ayudante | B41: Walter Roberto Vasquez Ramos | C41: 0.33333333 | D41: 0.70833333 | F41: =SUM(IF(C41="",0,IF(C41<TIME(8,0,0),TIME(8,0,0)-C41,0))) -> 0 | G41: =SUM( IF(OR(C41="",D41=""),0,MAX(0,IF(D41<C41,D41+1,D41)-MAX(C41,TIME(17,0,0))))) -> 0 | H41: =G41+F41 -> 0
A42: Ayudante | B42: Joel Alfonso Rocha Guzman | C42: 0.33333333 | D42: 0.70833333 | F42: =SUM(IF(C42="",0,IF(C42<TIME(8,0,0),TIME(8,0,0)-C42,0))) -> 0 | G42: =SUM( IF(OR(C42="",D42=""),0,MAX(0,IF(D42<C42,D42+1,D42)-MAX(C42,TIME(17,0,0))))) -> 0 | H42: =G42+F42 -> 0
A43: Ayudante | B43: Edwin de Jesus Aleman Davila | C43: 0.33333333 | D43: 0.70833333 | F43: =SUM(IF(C43="",0,IF(C43<TIME(8,0,0),TIME(8,0,0)-C43,0))) -> 0 | G43: =SUM( IF(OR(C43="",D43=""),0,MAX(0,IF(D43<C43,D43+1,D43)-MAX(C43,TIME(17,0,0))))) -> 0 | H43: =G43+F43 -> 0
A44: Ayudante | B44: Marvin Josue Martinez Canales | C44: 0.33333333 | D44: 0.70833333 | F44: =SUM(IF(C44="",0,IF(C44<TIME(8,0,0),TIME(8,0,0)-C44,0))) -> 0 | G44: =SUM( IF(OR(C44="",D44=""),0,MAX(0,IF(D44<C44,D44+1,D44)-MAX(C44,TIME(17,0,0))))) -> 0 | H44: =G44+F44 -> 0
A45: Ayudante | B45: Moises Abraham Balmaceda Gusman | C45: 0.33333333 | D45: 0.70833333 | F45: =SUM(IF(C45="",0,IF(C45<TIME(8,0,0),TIME(8,0,0)-C45,0))) -> 0 | G45: =SUM( IF(OR(C45="",D45=""),0,MAX(0,IF(D45<C45,D45+1,D45)-MAX(C45,TIME(17,0,0))))) -> 0 | H45: =G45+F45 -> 0
A46: Ayudante | B46: Juan Rafael Ordoñez Muñoz | C46: 0.33333333 | D46: 0.70833333 | F46: =SUM(IF(C46="",0,IF(C46<TIME(8,0,0),TIME(8,0,0)-C46,0))) -> 0 | G46: =SUM( IF(OR(C46="",D46=""),0,MAX(0,IF(D46<C46,D46+1,D46)-MAX(C46,TIME(17,0,0))))) -> 0 | H46: =G46+F46 -> 0
A47: Ayudante | B47: Daylan Jose Gonzalez Velasquez | C47: 0.33333333 | D47: 0.6875 | F47: =SUM(IF(C47="",0,IF(C47<TIME(8,0,0),TIME(8,0,0)-C47,0))) -> 0 | G47: =SUM( IF(OR(C47="",D47=""),0,MAX(0,IF(D47<C47,D47+1,D47)-MAX(C47,TIME(17,0,0))))) -> 0 | H47: =G47+F47 -> 0 | I47: DEDUCIDO POR HORAS ACUMULADAS
A48: Ayudante | B48: Josue Antonio Davila Davila | C48: 0.33333333 | D48: 0.70833333 | F48: =SUM(IF(C48="",0,IF(C48<TIME(8,0,0),TIME(8,0,0)-C48,0))) -> 0 | G48: =SUM( IF(OR(C48="",D48=""),0,MAX(0,IF(D48<C48,D48+1,D48)-MAX(C48,TIME(17,0,0))))) -> 0 | H48: =G48+F48 -> 0
A49: Ayudante | B49: Elias Alexander Lopez Roque | C49: 0.33333333 | D49: 0.70833333 | F49: =SUM(IF(C49="",0,IF(C49<TIME(8,0,0),TIME(8,0,0)-C49,0))) -> 0 | G49: =SUM( IF(OR(C49="",D49=""),0,MAX(0,IF(D49<C49,D49+1,D49)-MAX(C49,TIME(17,0,0))))) -> 0 | H49: =G49+F49 -> 0
A50: Ayudante | B50: Moises Israel Esquivel Sequeira | C50: 0.33333333 | D50: 0.70833333 | F50: =SUM(IF(C50="",0,IF(C50<TIME(8,0,0),TIME(8,0,0)-C50,0))) -> 0 | G50: =SUM( IF(OR(C50="",D50=""),0,MAX(0,IF(D50<C50,D50+1,D50)-MAX(C50,TIME(17,0,0))))) -> 0 | H50: =G50+F50 -> 0
A51: Ayudante | B51: Anderson Agurto Martinez Avilez | C51: 0.33333333 | D51: 0.70833333 | F51: =SUM(IF(C51="",0,IF(C51<TIME(8,0,0),TIME(8,0,0)-C51,0))) -> 0 | G51: =SUM( IF(OR(C51="",D51=""),0,MAX(0,IF(D51<C51,D51+1,D51)-MAX(C51,TIME(17,0,0))))) -> 0 | H51: =G51+F51 -> 0
A52: Admon. Bodega | B52: Harinto Jose Rodriguez Cruz | C52: 0.33333333 | D52: 0.70833333 | F52: =SUM(IF(C52="",0,IF(C52<TIME(8,0,0),TIME(8,0,0)-C52,0))) -> 0 | G52: =SUM( IF(OR(C52="",D52=""),0,MAX(0,IF(D52<C52,D52+1,D52)-MAX(C52,TIME(17,0,0))))) -> 0 | H52: =G52+F52 -> 0
A53: Ayudante | B53: Erving Antonio Rios Cardenas | C53: 0.33333333 | D53: 0.7 | F53: =SUM(IF(C53="",0,IF(C53<TIME(8,0,0),TIME(8,0,0)-C53,0))) -> 0 | G53: =SUM( IF(OR(C53="",D53=""),0,MAX(0,IF(D53<C53,D53+1,D53)-MAX(C53,TIME(17,0,0))))) -> 0 | H53: =G53+F53 -> 0 | I53: DEDUCIDO POR HORAS ACUMULADAS
A54: Ayudante | B54: Cesar Ramon Roa | C54: 0.33333333 | D54: 0.70833333 | F54: =SUM(IF(C54="",0,IF(C54<TIME(8,0,0),TIME(8,0,0)-C54,0))) -> 0 | G54: =SUM( IF(OR(C54="",D54=""),0,MAX(0,IF(D54<C54,D54+1,D54)-MAX(C54,TIME(17,0,0))))) -> 0 | H54: =G54+F54 -> 0
A55: Ayudante | B55: Byron Omar Arburola Hernandez | C55: 0.33333333 | D55: 0.70833333 | F55: =SUM(IF(C55="",0,IF(C55<TIME(8,0,0),TIME(8,0,0)-C55,0))) -> 0 | G55: =SUM( IF(OR(C55="",D55=""),0,MAX(0,IF(D55<C55,D55+1,D55)-MAX(C55,TIME(17,0,0))))) -> 0 | H55: =G55+F55 -> 0
A56: Ayudante | B56: Segundo Noel Pichardo Solis | C56: 0.33333333 | D56: 0.69791667 | F56: =SUM(IF(C56="",0,IF(C56<TIME(8,0,0),TIME(8,0,0)-C56,0))) -> 0 | G56: =SUM( IF(OR(C56="",D56=""),0,MAX(0,IF(D56<C56,D56+1,D56)-MAX(C56,TIME(17,0,0))))) -> 0 | H56: =G56+F56 -> 0 | I56: DEDUCIDO POR HORAS ACUMULADAS
A57: Ayudante | B57: Erick Jose Hernandez Palacios | C57: 0.33333333 | D57: 0.75625 | F57: =SUM(IF(C57="",0,IF(C57<TIME(8,0,0),TIME(8,0,0)-C57,0))) -> 0 | G57: =SUM( IF(OR(C57="",D57=""),0,MAX(0,IF(D57<C57,D57+1,D57)-MAX(C57,TIME(17,0,0))))) -> 0.047916667 | H57: =G57+F57 -> 0.047916667
A58: Ayudante | B58: Alexis Alexander González García | C58: 0.33333333 | D58: 0.6875 | F58: =SUM(IF(C58="",0,IF(C58<TIME(8,0,0),TIME(8,0,0)-C58,0))) -> 0 | G58: =SUM( IF(OR(C58="",D58=""),0,MAX(0,IF(D58<C58,D58+1,D58)-MAX(C58,TIME(17,0,0))))) -> 0 | H58: =G58+F58 -> 0 | I58: DEDUCIDO POR HORAS ACUMULADAS
A59: Ayudante | B59: Manuel Ignacio Cañete Guerrero | C59: 0.33333333 | D59: 0.70833333 | F59: =SUM(IF(C59="",0,IF(C59<TIME(8,0,0),TIME(8,0,0)-C59,0))) -> 0 | G59: =SUM( IF(OR(C59="",D59=""),0,MAX(0,IF(D59<C59,D59+1,D59)-MAX(C59,TIME(17,0,0))))) -> 0 | H59: =G59+F59 -> 0
A60: Ayudante | B60: Guillermo José Reyes Fernández | C60: 0.33333333 | D60: 0.70833333 | F60: =SUM(IF(C60="",0,IF(C60<TIME(8,0,0),TIME(8,0,0)-C60,0))) -> 0 | G60: =SUM( IF(OR(C60="",D60=""),0,MAX(0,IF(D60<C60,D60+1,D60)-MAX(C60,TIME(17,0,0))))) -> 0 | H60: =G60+F60 -> 0
H61: =SUM(H3:H60) -> 0.4625

Sheet 31-08
B1: 0.33333333 | D1: REPORTE DE ASISTENCIA 31 DE AGOSTO DEL 2026.
A2: Cargo | B2: Nombre | C2: Entrada | D2: Salida | E2: Llegada Tarde | F2: HORAS ACUMULADAS ENTRADA | G2: HORAS ACUMULADAS SALIDAS | H2: Total | I2: Observaciones
A3: Supervisor | B3: David Castillo Martínez | C3: SUBSIDIO
A4: Admon. Bodega | B4: Lenin Amigo de Saul Mendoza Chavarria | C4: 0.33333333 | D4: 0.70833333 | F4: =SUM(IF(C4="",0,IF(C4<TIME(8,0,0),TIME(8,0,0)-C4,0))) -> 0 | G4: =SUM( IF(OR(C4="",D4=""),0,MAX(0,IF(D4<C4,D4+1,D4)-MAX(C4,TIME(17,0,0))))) -> 0 | H4: =G4+F4 -> 0
A5: Admon. Bodega | B5: Jose De Jesus Gaitan Lovo | C5: 0.33333333 | D5: 0.70833333 | F5: =SUM(IF(C5="",0,IF(C5<TIME(8,0,0),TIME(8,0,0)-C5,0))) -> 0 | G5: =SUM( IF(OR(C5="",D5=""),0,MAX(0,IF(D5<C5,D5+1,D5)-MAX(C5,TIME(17,0,0))))) -> 0 | H5: =G5+F5 -> 0
A6: Admon. Bodega | B6: Fernando Mauricio Salazar | C6: 0.33333333 | D6: 0.70833333 | F6: =SUM(IF(C6="",0,IF(C6<TIME(8,0,0),TIME(8,0,0)-C6,0))) -> 0 | G6: =SUM( IF(OR(C6="",D6=""),0,MAX(0,IF(D6<C6,D6+1,D6)-MAX(C6,TIME(17,0,0))))) -> 0 | H6: =G6+F6 -> 0
A7: Admon. Bodega | B7: Elvis Anthony Martinez Hernandez | C7: 0.33333333 | D7: 0.70833333 | F7: =SUM(IF(C7="",0,IF(C7<TIME(8,0,0),TIME(8,0,0)-C7,0))) -> 0 | G7: =SUM( IF(OR(C7="",D7=""),0,MAX(0,IF(D7<C7,D7+1,D7)-MAX(C7,TIME(17,0,0))))) -> 0 | H7: =G7+F7 -> 0
A8: Conductor | B8: Denis Alberto Lopez Gonzaga | C8: 0.33333333 | D8: 0.72361111 | F8: =SUM(IF(C8="",0,IF(C8<TIME(8,0,0),TIME(8,0,0)-C8,0))) -> 0 | G8: =SUM( IF(OR(C8="",D8=""),0,MAX(0,IF(D8<C8,D8+1,D8)-MAX(C8,TIME(17,0,0))))) -> 0.015277778 | H8: =G8+F8 -> 0.015277778
A9: Conductor | B9: Jose Gabriel Herrera | C9: 0.33333333 | D9: 0.70833333 | F9: =SUM(IF(C9="",0,IF(C9<TIME(8,0,0),TIME(8,0,0)-C9,0))) -> 0 | G9: =SUM( IF(OR(C9="",D9=""),0,MAX(0,IF(D9<C9,D9+1,D9)-MAX(C9,TIME(17,0,0))))) -> 0 | H9: =G9+F9 -> 0
A10: Conductor | B10: Francisco Valerio Altamirano | C10: 0.33333333 | D10: 0.70833333 | F10: =SUM(IF(C10="",0,IF(C10<TIME(8,0,0),TIME(8,0,0)-C10,0))) -> 0 | G10: =SUM( IF(OR(C10="",D10=""),0,MAX(0,IF(D10<C10,D10+1,D10)-MAX(C10,TIME(17,0,0))))) -> 0 | H10: =G10+F10 -> 0
A11: Conductor | B11: Manuel Salvador Centeno Salinas | C11: 0.33333333 | D11: 0.70833333 | F11: =SUM(IF(C11="",0,IF(C11<TIME(8,0,0),TIME(8,0,0)-C11,0))) -> 0 | G11: =SUM( IF(OR(C11="",D11=""),0,MAX(0,IF(D11<C11,D11+1,D11)-MAX(C11,TIME(17,0,0))))) -> 0 | H11: =G11+F11 -> 0
A12: Conductor | B12: Bayardo Benjamin Moran Lopez | C12: 0.33333333 | D12: 0.70833333 | F12: =SUM(IF(C12="",0,IF(C12<TIME(8,0,0),TIME(8,0,0)-C12,0))) -> 0 | G12: =SUM( IF(OR(C12="",D12=""),0,MAX(0,IF(D12<C12,D12+1,D12)-MAX(C12,TIME(17,0,0))))) -> 0 | H12: =G12+F12 -> 0
A13: Conductor | B13: Emerson Alberto Diaz Mendoza | C13: 0.33333333 | D13: 0.70833333 | F13: =SUM(IF(C13="",0,IF(C13<TIME(8,0,0),TIME(8,0,0)-C13,0))) -> 0 | G13: =SUM( IF(OR(C13="",D13=""),0,MAX(0,IF(D13<C13,D13+1,D13)-MAX(C13,TIME(17,0,0))))) -> 0 | H13: =G13+F13 -> 0
A14: Conductor | B14: David Uriel Zamora Martinez | C14: 0.33333333 | D14: 0.70833333 | F14: =SUM(IF(C14="",0,IF(C14<TIME(8,0,0),TIME(8,0,0)-C14,0))) -> 0 | G14: =SUM( IF(OR(C14="",D14=""),0,MAX(0,IF(D14<C14,D14+1,D14)-MAX(C14,TIME(17,0,0))))) -> 0 | H14: =G14+F14 -> 0
A15: Conductor | B15: Jorge Luis Telleria | C15: 0.33333333 | D15: 0.70833333 | F15: =SUM(IF(C15="",0,IF(C15<TIME(8,0,0),TIME(8,0,0)-C15,0))) -> 0 | G15: =SUM( IF(OR(C15="",D15=""),0,MAX(0,IF(D15<C15,D15+1,D15)-MAX(C15,TIME(17,0,0))))) -> 0 | H15: =G15+F15 -> 0
... A18: Conductor | B18: Fernando Antonio Centeno Gaitan | C18: 0.33333333 | D18: 0.70833333 | F18: =SUM(IF(C18="",0,IF(C18<TIME(8,0,0),TIME(8,0,0)-C18,0))) -> 0 | G18: =SUM( IF(OR(C18="",D18=""),0,MAX(0,IF(D18<C18,D18+1,D18)-MAX(C18,TIME(17,0,0))))) -> 0 | H18: =G18+F18 -> 0
A19: Conductor | B19: Richard Antonio Carrion Alvarez | C19: VACACIONES
A20: Conductor | B20: Dietrich Rafael Bone Burgos | C20: VACACIONES
A21: Conductor | B21: Juan Abrahán Duran Tercero | C21: 0.33333333 | D21: 0.70833333 | F21: =SUM(IF(C21="",0,IF(C21<TIME(8,0,0),TIME(8,0,0)-C21,0))) -> 0 | G21: =SUM( IF(OR(C21="",D21=""),0,MAX(0,IF(D21<C21,D21+1,D21)-MAX(C21,TIME(17,0,0))))) -> 0 | H21: =G21+F21 -> 0
A22: Conductor | B22: Orlando José Ayerdis Barrios | C22: 0.4375 | D22: 0.70833333 | F22: =SUM(IF(C22="",0,IF(C22<TIME(8,0,0),TIME(8,0,0)-C22,0))) -> 0 | G22: =SUM( IF(OR(C22="",D22=""),0,MAX(0,IF(D22<C22,D22+1,D22)-MAX(C22,TIME(17,0,0))))) -> 0 | H22: =G22+F22 -> 0 | I22: DEDUCIDO POR HORAS ACUMULADAS
A23: Ayudante | B23: Walter Bernardino Aburto Maltez | C23: 0.33333333 | D23: 0.70833333 | F23: =SUM(IF(C23="",0,IF(C23<TIME(8,0,0),TIME(8,0,0)-C23,0))) -> 0 | G23: =SUM( IF(OR(C23="",D23=""),0,MAX(0,IF(D23<C23,D23+1,D23)-MAX(C23,TIME(17,0,0))))) -> 0 | H23: =G23+F23 -> 0
A24: Ayudante | B24: Bismarck Antonio Perez Aburto | C24: 0.33333333 | D24: 0.70833333 | F24: =SUM(IF(C24="",0,IF(C24<TIME(8,0,0),TIME(8,0,0)-C24,0))) -> 0 | G24: =SUM( IF(OR(C24="",D24=""),0,MAX(0,IF(D24<C24,D24+1,D24)-MAX(C24,TIME(17,0,0))))) -> 0 | H24: =G24+F24 -> 0
A25: Ayudante | B25: Jose Ariel Espinoza Parrales | C25: 0.33333333 | D25: 0.70833333 | F25: =SUM(IF(C25="",0,IF(C25<TIME(8,0,0),TIME(8,0,0)-C25,0))) -> 0 | G25: =SUM( IF(OR(C25="",D25=""),0,MAX(0,IF(D25<C25,D25+1,D25)-MAX(C25,TIME(17,0,0))))) -> 0 | H25: =G25+F25 -> 0
A26: Ayudante | B26: Yaro de Jesus Castillo Muñoz | C26: 0.33333333 | D26: 0.70833333 | F26: =SUM(IF(C26="",0,IF(C26<TIME(8,0,0),TIME(8,0,0)-C26,0))) -> 0 | G26: =SUM( IF(OR(C26="",D26=""),0,MAX(0,IF(D26<C26,D26+1,D26)-MAX(C26,TIME(17,0,0))))) -> 0 | H26: =G26+F26 -> 0
A27: Ayudante | B27: Orlando De Jesus Ruiz Ramirez | C27: 0.33333333 | D27: 0.70833333 | F27: =SUM(IF(C27="",0,IF(C27<TIME(8,0,0),TIME(8,0,0)-C27,0))) -> 0 | G27: =SUM( IF(OR(C27="",D27=""),0,MAX(0,IF(D27<C27,D27+1,D27)-MAX(C27,TIME(17,0,0))))) -> 0 | H27: =G27+F27 -> 0
A28: Ayudante | B28: Roberto Jose Arauz Alvarado | C28: 0.33333333 | D28: 0.70833333 | F28: =SUM(IF(C28="",0,IF(C28<TIME(8,0,0),TIME(8,0,0)-C28,0))) -> 0 | G28: =SUM( IF(OR(C28="",D28=""),0,MAX(0,IF(D28<C28,D28+1,D28)-MAX(C28,TIME(17,0,0))))) -> 0 | H28: =G28+F28 -> 0
A29: Ayudante | B29: Luis Omar Campos Connolly | C29: 0.33333333 | D29: 0.72361111 | F29: =SUM(IF(C29="",0,IF(C29<TIME(8,0,0),TIME(8,0,0)-C29,0))) -> 0 | G29: =SUM( IF(OR(C29="",D29=""),0,MAX(0,IF(D29<C29,D29+1,D29)-MAX(C29,TIME(17,0,0))))) -> 0.015277778 | H29: =G29+F29 -> 0.015277778
A30: Ayudante | B30: Emilio Humberto Alegria Sanchez | C30: SUBSIDIO
A31: Ayudante | B31: Pablo Javier Berrios Sotelo | C31: 0.48263889 | D31: 0.70833333 | F31: =SUM(IF(C31="",0,IF(C31<TIME(8,0,0),TIME(8,0,0)-C31,0))) -> 0 | G31: =SUM( IF(OR(C31="",D31=""),0,MAX(0,IF(D31<C31,D31+1,D31)-MAX(C31,TIME(17,0,0))))) -> 0 | H31: =G31+F31 -> 0 | I31: DEDUCIDO POR HORAS ACUMULADAS
A32: Ayudante | B32: Ramiro Isaac Solano Flores | C32: 0.33333333 | D32: 0.70833333 | F32: =SUM(IF(C32="",0,IF(C32<TIME(8,0,0),TIME(8,0,0)-C32,0))) -> 0 | G32: =SUM( IF(OR(C32="",D32=""),0,MAX(0,IF(D32<C32,D32+1,D32)-MAX(C32,TIME(17,0,0))))) -> 0 | H32: =G32+F32 -> 0
A33: Ayudante | B33: Reggie Sanders Rodriguez Tellez | C33: 0.33333333 | D33: 0.70833333 | F33: =SUM(IF(C33="",0,IF(C33<TIME(8,0,0),TIME(8,0,0)-C33,0))) -> 0 | G33: =SUM( IF(OR(C33="",D33=""),0,MAX(0,IF(D33<C33,D33+1,D33)-MAX(C33,TIME(17,0,0))))) -> 0 | H33: =G33+F33 -> 0
A34: Ayudante | B34: Engel Jose Brenes Aleman | C34: 0.33333333 | D34: 0.70833333 | F34: =SUM(IF(C34="",0,IF(C34<TIME(8,0,0),TIME(8,0,0)-C34,0))) -> 0 | G34: =SUM( IF(OR(C34="",D34=""),0,MAX(0,IF(D34<C34,D34+1,D34)-MAX(C34,TIME(17,0,0))))) -> 0 | H34: =G34+F34 -> 0
A35: Ayudante | B35: Ricky Nelson Bonilla Villagra | C35: A CUENTAS DE HORAS ACUMULADAS
A36: Ayudante | B36: Diego Manuel Potoy Vanegas | C36: 0.33333333 | D36: 0.70833333 | F36: =SUM(IF(C36="",0,IF(C36<TIME(8,0,0),TIME(8,0,0)-C36,0))) -> 0 | G36: =SUM( IF(OR(C36="",D36=""),0,MAX(0,IF(D36<C36,D36+1,D36)-MAX(C36,TIME(17,0,0))))) -> 0 | H36: =G36+F36 -> 0
A37: Ayudante | B37: Henry Alberto Arevalo Velasquez | C37: 0.33333333 | D37: 0.70833333 | F37: =SUM(IF(C37="",0,IF(C37<TIME(8,0,0),TIME(8,0,0)-C37,0))) -> 0 | G37: =SUM( IF(OR(C37="",D37=""),0,MAX(0,IF(D37<C37,D37+1,D37)-MAX(C37,TIME(17,0,0))))) -> 0 | H37: =G37+F37 -> 0
A38: Ayudante | B38: Magdiel Daniel Cruz Aleman | C38: 0.33333333 | D38: 0.70833333 | F38: =SUM(IF(C38="",0,IF(C38<TIME(8,0,0),TIME(8,0,0)-C38,0))) -> 0 | G38: =SUM( IF(OR(C38="",D38=""),0,MAX(0,IF(D38<C38,D38+1,D38)-MAX(C38,TIME(17,0,0))))) -> 0 | H38: =G38+F38 -> 0
A39: Ayudante | B39: Carlos Jose Villavicencio Silva | C39: 0.33333333 | D39: 0.70833333 | F39: =SUM(IF(C39="",0,IF(C39<TIME(8,0,0),TIME(8,0,0)-C39,0))) -> 0 | G39: =SUM( IF(OR(C39="",D39=""),0,MAX(0,IF(D39<C39,D39+1,D39)-MAX(C39,TIME(17,0,0))))) -> 0 | H39: =G39+F39 -> 0
A40: Ayudante | B40: Einer Eliasar Lopez Hernandez | C40: 0.33333333 | D40: 0.70833333 | F40: =SUM(IF(C40="",0,IF(C40<TIME(8,0,0),TIME(8,0,0)-C40,0))) -> 0 | G40: =SUM( IF(OR(C40="",D40=""),0,MAX(0,IF(D40<C40,D40+1,D40)-MAX(C40,TIME(17,0,0))))) -> 0 | H40: =G40+F40 -> 0
A41: Ayudante | B41: Walter Roberto Vasquez Ramos | C41: 0.33333333 | D41: 0.70833333 | F41: =SUM(IF(C41="",0,IF(C41<TIME(8,0,0),TIME(8,0,0)-C41,0))) -> 0 | G41: =SUM( IF(OR(C41="",D41=""),0,MAX(0,IF(D41<C41,D41+1,D41)-MAX(C41,TIME(17,0,0))))) -> 0 | H41: =G41+F41 -> 0
A42: Ayudante | B42: Joel Alfonso Rocha Guzman | C42: 0.33333333 | D42: 0.70833333 | F42: =SUM(IF(C42="",0,IF(C42<TIME(8,0,0),TIME(8,0,0)-C42,0))) -> 0 | G42: =SUM( IF(OR(C42="",D42=""),0,MAX(0,IF(D42<C42,D42+1,D42)-MAX(C42,TIME(17,0,0))))) -> 0 | H42: =G42+F42 -> 0
A43: Ayudante | B43: Edwin de Jesus Aleman Davila | C43: 0.33333333 | D43: 0.70833333 | F43: =SUM(IF(C43="",0,IF(C43<TIME(8,0,0),TIME(8,0,0)-C43,0))) -> 0 | G43: =SUM( IF(OR(C43="",D43=""),0,MAX(0,IF(D43<C43,D43+1,D43)-MAX(C43,TIME(17,0,0))))) -> 0 | H43: =G43+F43 -> 0
A44: Ayudante | B44: Marvin Josue Martinez Canales | C44: 0.33333333 | D44: 0.70833333 | F44: =SUM(IF(C44="",0,IF(C44<TIME(8,0,0),TIME(8,0,0)-C44,0))) -> 0 | G44: =SUM( IF(OR(C44="",D44=""),0,MAX(0,IF(D44<C44,D44+1,D44)-MAX(C44,TIME(17,0,0))))) -> 0 | H44: =G44+F44 -> 0
A45: Ayudante | B45: Moises Abraham Balmaceda Gusman | C45: 0.33333333 | D45: 0.70833333 | F45: =SUM(IF(C45="",0,IF(C45<TIME(8,0,0),TIME(8,0,0)-C45,0))) -> 0 | G45: =SUM( IF(OR(C45="",D45=""),0,MAX(0,IF(D45<C45,D45+1,D45)-MAX(C45,TIME(17,0,0))))) -> 0 | H45: =G45+F45 -> 0
A46: Ayudante | B46: Juan Rafael Ordoñez Muñoz | C46: A CUENTAS DE HORAS ACUMULADAS
A47: Ayudante | B47: Daylan Jose Gonzalez Velasquez | C47: 0.33333333 | D47: 0.72361111 | F47: =SUM(IF(C47="",0,IF(C47<TIME(8,0,0),TIME(8,0,0)-C47,0))) -> 0 | G47: =SUM( IF(OR(C47="",D47=""),0,MAX(0,IF(D47<C47,D47+1,D47)-MAX(C47,TIME(17,0,0))))) -> 0.015277778 | H47: =G47+F47 -> 0.015277778
A48: Ayudante | B48: Josue Antonio Davila Davila | C48: 0.33333333 | D48: 0.70833333 | F48: =SUM(IF(C48="",0,IF(C48<TIME(8,0,0),TIME(8,0,0)-C48,0))) -> 0 | G48: =SUM( IF(OR(C48="",D48=""),0,MAX(0,IF(D48<C48,D48+1,D48)-MAX(C48,TIME(17,0,0))))) -> 0 | H48: =G48+F48 -> 0
A49: Ayudante | B49: Elias Alexander Lopez Roque | C49: 0.33333333 | D49: 0.70833333 | F49: =SUM(IF(C49="",0,IF(C49<TIME(8,0,0),TIME(8,0,0)-C49,0))) -> 0 | G49: =SUM( IF(OR(C49="",D49=""),0,MAX(0,IF(D49<C49,D49+1,D49)-MAX(C49,TIME(17,0,0))))) -> 0 | H49: =G49+F49 -> 0
A50: Ayudante | B50: Moises Israel Esquivel Sequeira | C50: 0.33333333 | D50: 0.70833333 | F50: =SUM(IF(C50="",0,IF(C50<TIME(8,0,0),TIME(8,0,0)-C50,0))) -> 0 | G50: =SUM( IF(OR(C50="",D50=""),0,MAX(0,IF(D50<C50,D50+1,D50)-MAX(C50,TIME(17,0,0))))) -> 0 | H50: =G50+F50 -> 0
A51: Ayudante | B51: Anderson Agurto Martinez Avilez | C51: A CUENTAS DE HORAS ACUMULADAS
A52: Ayudante | B52: Harinto Jose Rodriguez Cruz | C52: 0.33333333 | D52: 0.70833333 | F52: =SUM(IF(C52="",0,IF(C52<TIME(8,0,0),TIME(8,0,0)-C52,0))) -> 0 | G52: =SUM( IF(OR(C52="",D52=""),0,MAX(0,IF(D52<C52,D52+1,D52)-MAX(C52,TIME(17,0,0))))) -> 0 | H52: =G52+F52 -> 0
A53: Ayudante | B53: Erving Antonio Rios Cardenas | C53: 0.33333333 | D53: 0.70833333 | F53: =SUM(IF(C53="",0,IF(C53<TIME(8,0,0),TIME(8,0,0)-C53,0))) -> 0 | G53: =SUM( IF(OR(C53="",D53=""),0,MAX(0,IF(D53<C53,D53+1,D53)-MAX(C53,TIME(17,0,0))))) -> 0 | H53: =G53+F53 -> 0
A54: Ayudante | B54: Cesar Ramon Roa | C54: 0.33333333 | D54: 0.70833333 | F54: =SUM(IF(C54="",0,IF(C54<TIME(8,0,0),TIME(8,0,0)-C54,0))) -> 0 | G54: =SUM( IF(OR(C54="",D54=""),0,MAX(0,IF(D54<C54,D54+1,D54)-MAX(C54,TIME(17,0,0))))) -> 0 | H54: =G54+F54 -> 0
A55: Ayudante | B55: Byron Omar Arburola Hernandez | C55: 0.33333333 | D55: 0.70833333 | F55: =SUM(IF(C55="",0,IF(C55<TIME(8,0,0),TIME(8,0,0)-C55,0))) -> 0 | G55: =SUM( IF(OR(C55="",D55=""),0,MAX(0,IF(D55<C55,D55+1,D55)-MAX(C55,TIME(17,0,0))))) -> 0 | H55: =G55+F55 -> 0
A56: Ayudante | B56: Segundo Noel Pichardo Solis | C56: 0.33333333 | D56: 0.70833333 | F56: =SUM(IF(C56="",0,IF(C56<TIME(8,0,0),TIME(8,0,0)-C56,0))) -> 0 | G56: =SUM( IF(OR(C56="",D56=""),0,MAX(0,IF(D56<C56,D56+1,D56)-MAX(C56,TIME(17,0,0))))) -> 0 | H56: =G56+F56 -> 0
A57: Ayudante | B57: Erick Jose Hernandez Palacios | C57: 0.33333333 | D57: 0.70833333 | F57: =SUM(IF(C57="",0,IF(C57<TIME(8,0,0),TIME(8,0,0)-C57,0))) -> 0 | G57: =SUM( IF(OR(C57="",D57=""),0,MAX(0,IF(D57<C57,D57+1,D57)-MAX(C57,TIME(17,0,0))))) -> 0 | H57: =G57+F57 -> 0
A58: Ayudante | B58: Alexis Alexander González García | C58: 0.33333333 | D58: 0.70833333 | F58: =SUM(IF(C58="",0,IF(C58<TIME(8,0,0),TIME(8,0,0)-C58,0))) -> 0 | G58: =SUM( IF(OR(C58="",D58=""),0,MAX(0,IF(D58<C58,D58+1,D58)-MAX(C58,TIME(17,0,0))))) -> 0 | H58: =G58+F58 -> 0
A59: Ayudante | B59: Manuel Ignacio Cañete Guerrero | C59: 0.33333333 | D59: 0.70833333 | F59: =SUM(IF(C59="",0,IF(C59<TIME(8,0,0),TIME(8,0,0)-C59,0))) -> 0 | G59: =SUM( IF(OR(C59="",D59=""),0,MAX(0,IF(D59<C59,D59+1,D59)-MAX(C59,TIME(17,0,0))))) -> 0 | H59: =G59+F59 -> 0
A60: Ayudante | B60: Guillermo José Reyes Fernández | C60: 0.33333333 | D60: 0.70833333 | F60: =SUM(IF(C60="",0,IF(C60<TIME(8,0,0),TIME(8,0,0)-C60,0))) -> 0 | G60: =SUM( IF(OR(C60="",D60=""),0,MAX(0,IF(D60<C60,D60+1,D60)-MAX(C60,TIME(17,0,0))))) -> 0 | H60: =G60+F60 -> 0
H61: =SUM(H3:H60) -> 0.045833333

Sheet 29-08
B1: 0.33333333 | D1: REPORTE DE ASISTENCIA 29 DE AGOSTO DEL 2026.
A2: Cargo | B2: Nombre | C2: Entrada | D2: Salida | E2: Llegada Tarde | F2: HORAS ACUMULADAS ENTRADA | G2: HORAS ACUMULADAS SALIDAS | H2: Total | I2: Observaciones
A3: Supervisor | B3: David Castillo Martínez | C3: SUBSIDIO
A4: Admon. Bodega | B4: Lenin Amigo de Saul Mendoza Chavarria | C4: 0.33333333 | D4: 0.5 | F4: =SUM(IF(C4="",0,IF(C4<TIME(8,0,0),TIME(8,0,0)-C4,0))) -> 0 | G4: =SUM( IF(OR(C4="",D4=""),0,MAX(0,IF(D4<C4,D4+1,D4)-MAX(C4,TIME(12,0,0))))) -> 0 | H4: =G4+F4 -> 0
A5: Admon. Bodega | B5: Jose De Jesus Gaitan Lovo | C5: 0.33333333 | D5: 0.5 | F5: =SUM(IF(C5="",0,IF(C5<TIME(8,0,0),TIME(8,0,0)-C5,0))) -> 0 | G5: =SUM( IF(OR(C5="",D5=""),0,MAX(0,IF(D5<C5,D5+1,D5)-MAX(C5,TIME(12,0,0))))) -> 0 | H5: =G5+F5 -> 0
A6: Admon. Bodega | B6: Fernando Mauricio Salazar | C6: A CUENTAS DE HORAS ACUMULADAS
A7: Admon. Bodega | B7: Elvis Anthony Martinez Hernandez | C7: 0.33333333 | D7: 0.5 | F7: =SUM(IF(C7="",0,IF(C7<TIME(8,0,0),TIME(8,0,0)-C7,0))) -> 0 | G7: =SUM( IF(OR(C7="",D7=""),0,MAX(0,IF(D7<C7,D7+1,D7)-MAX(C7,TIME(12,0,0))))) -> 0 | H7: =G7+F7 -> 0
A8: Conductor | B8: Denis Alberto Lopez Gonzaga | C8: 0.33333333 | D8: 0.69375 | F8: =SUM(IF(C8="",0,IF(C8<TIME(8,0,0),TIME(8,0,0)-C8,0))) -> 0 | G8: =SUM( IF(OR(C8="",D8=""),0,MAX(0,IF(D8<C8,D8+1,D8)-MAX(C8,TIME(12,0,0))))) -> 0.19375 | H8: =G8+F8 -> 0.19375
A9: Conductor | B9: Jose Gabriel Herrera | C9: 0.33333333 | D9: 0.50277778 | F9: =SUM(IF(C9="",0,IF(C9<TIME(8,0,0),TIME(8,0,0)-C9,0))) -> 0 | G9: =SUM( IF(OR(C9="",D9=""),0,MAX(0,IF(D9<C9,D9+1,D9)-MAX(C9,TIME(12,0,0))))) -> 0.0027777778 | H9: =G9+F9 -> 0.0027777778
A10: Conductor | B10: Francisco Valerio Altamirano | C10: 0.33333333 | D10: 0.5 | F10: =SUM(IF(C10="",0,IF(C10<TIME(8,0,0),TIME(8,0,0)-C10,0))) -> 0 | G10: =SUM( IF(OR(C10="",D10=""),0,MAX(0,IF(D10<C10,D10+1,D10)-MAX(C10,TIME(12,0,0))))) -> 0 | H10: =G10+F10 -> 0
A11: Conductor | B11: Manuel Salvador Centeno Salinas | C11: A CUENTAS DE HORAS ACUMULADAS
A12: Conductor | B12: Bayardo Benjamin Moran Lopez | C12: A CUENTAS DE HORAS ACUMULADAS
A13: Conductor | B13: Emerson Alberto Diaz Mendoza | C13: 0.3125 | D13: 0.71597222 | F13: =SUM(IF(C13="",0,IF(C13<TIME(8,0,0),TIME(8,0,0)-C13,0))) -> 0.020833333 | G13: =SUM( IF(OR(C13="",D13=""),0,MAX(0,IF(D13<C13,D13+1,D13)-MAX(C13,TIME(12,0,0))))) -> 0.21597222 | H13: =G13+F13 -> 0.23680556
A14: Conductor | B14: David Uriel Zamora Martinez | C14: 0.33333333 | D14: 0.57361111 | F14: =SUM(IF(C14="",0,IF(C14<TIME(8,0,0),TIME(8,0,0)-C14,0))) -> 0 | G14: =SUM( IF(OR(C14="",D14=""),0,MAX(0,IF(D14<C14,D14+1,D14)-MAX(C14,TIME(12,0,0))))) -> 0.073611111 | H14: =G14+F14 -> 0.073611111
A15: Conductor | B15: Jorge Luis Telleria | C15: 0.33333333 | D15: 0.59166667 | F15: =SUM(IF(C15="",0,IF(C15<TIME(8,0,0),TIME(8,0,0)-C15,0))) -> 0 | G15: =SUM( IF(OR(C15="",D15=""),0,MAX(0,IF(D15<C15,D15+1,D15)-MAX(C15,TIME(12,0,0))))) -> 0.091666667 | H15: =G15+F15 -> 0.091666667
A16: Conductor | B16: Alejandro Jose Castro Jarquin | C16: 0.33333333 | D16: 0.67569444 | F16: =SUM(IF(C16="",0,IF(C16<TIME(8,0,0),TIME(8,0,0)-C16,0))) -> 0 | G16: =SUM( IF(OR(C16="",D16=""),0,MAX(0,IF(D16<C16,D16+1,D16)-MAX(C16,TIME(12,0,0))))) -> 0.17569444 | H16: =G16+F16 -> 0.17569444
A17: Conductor | B17: Juan Francisco Narvaez Molina | C17: 0.33333333 | D17: 0.5 | F17: =SUM(IF(C17="",0,IF(C17<TIME(8,0,0),TIME(8,0,0)-C17,0))) -> 0 | G17: =SUM( IF(OR(C17="",D17=""),0,MAX(0,IF(D17<C17,D17+1,D17)-MAX(C17,TIME(12,0,0))))) -> 0 | H17: =G17+F17 -> 0
A18: Conductor | B18: Fernando Antonio Centeno Gaitan | C18: 0.33333333 | D18: 0.56319444 | F18: =SUM(IF(C18="",0,IF(C18<TIME(8,0,0),TIME(8,0,0)-C18,0))) -> 0 | G18: =SUM( IF(OR(C18="",D18=""),0,MAX(0,IF(D18<C18,D18+1,D18)-MAX(C18,TIME(12,0,0))))) -> 0.063194444 | H18: =G18+F18 -> 0.063194444
A19: Conductor | B19: Richard Antonio Carrion Alvarez | C19: VACACIONES
A20: Conductor | B20: Dietrich Rafael Bone Burgos | C20: VACACIONES
A21: Conductor | B21: Juan Abrahán Duran Tercero | C21: 0.33333333 | D21: 0.52430556 | F21: =SUM(IF(C21="",0,IF(C21<TIME(8,0,0),TIME(8,0,0)-C21,0))) -> 0 | G21: =SUM( IF(OR(C21="",D21=""),0,MAX(0,IF(D21<C21,D21+1,D21)-MAX(C21,TIME(12,0,0))))) -> 0.024305556 | H21: =G21+F21 -> 0.024305556
A22: Conductor | B22: Orlando José Ayerdis Barrios | C22: 0.33333333 | D22: 0.5 | F22: =SUM(IF(C22="",0,IF(C22<TIME(8,0,0),TIME(8,0,0)-C22,0))) -> 0 | G22: =SUM( IF(OR(C22="",D22=""),0,MAX(0,IF(D22<C22,D22+1,D22)-MAX(C22,TIME(12,0,0))))) -> 0 | H22: =G22+F22 -> 0
A23: Ayudante | B23: Walter Bernardino Aburto Maltez | C23: 0.33333333 | D23: 0.5 | F23: =SUM(IF(C23="",0,IF(C23<TIME(8,0,0),TIME(8,0,0)-C23,0))) -> 0 | G23: =SUM( IF(OR(C23="",D23=""),0,MAX(0,IF(D23<C23,D23+1,D23)-MAX(C23,TIME(12,0,0))))) -> 0 | H23: =G23+F23 -> 0
A24: Ayudante | B24: Bismarck Antonio Perez Aburto | C24: 0.33333333 | D24: 0.5 | F24: =SUM(IF(C24="",0,IF(C24<TIME(8,0,0),TIME(8,0,0)-C24,0))) -> 0 | G24: =SUM( IF(OR(C24="",D24=""),0,MAX(0,IF(D24<C24,D24+1,D24)-MAX(C24,TIME(12,0,0))))) -> 0 | H24: =G24+F24 -> 0
A25: Ayudante | B25: Jose Ariel Espinoza Parrales | C25: 0.33333333 | D25: 0.50416667 | F25: =SUM(IF(C25="",0,IF(C25<TIME(8,0,0),TIME(8,0,0)-C25,0))) -> 0 | G25: =SUM( IF(OR(C25="",D25=""),0,MAX(0,IF(D25<C25,D25+1,D25)-MAX(C25,TIME(12,0,0))))) -> 0.0041666667 | H25: =G25+F25 -> 0.0041666667
A26: Ayudante | B26: Yaro de Jesus Castillo Muñoz | C26: 0.33333333 | D26: 0.69791667 | F26: =SUM(IF(C26="",0,IF(C26<TIME(8,0,0),TIME(8,0,0)-C26,0))) -> 0 | G26: =SUM( IF(OR(C26="",D26=""),0,MAX(0,IF(D26<C26,D26+1,D26)-MAX(C26,TIME(12,0,0))))) -> 0.19791667 | H26: =G26+F26 -> 0.19791667
A27: Ayudante | B27: Orlando De Jesus Ruiz Ramirez | C27: 0.33333333 | D27: 0.5 | F27: =SUM(IF(C27="",0,IF(C27<TIME(8,0,0),TIME(8,0,0)-C27,0))) -> 0 | G27: =SUM( IF(OR(C27="",D27=""),0,MAX(0,IF(D27<C27,D27+1,D27)-MAX(C27,TIME(12,0,0))))) -> 0 | H27: =G27+F27 -> 0
A28: Ayudante | B28: Roberto Jose Arauz Alvarado | C28: 0.36111111 | D28: 0.5 | F28: =SUM(IF(C28="",0,IF(C28<TIME(8,0,0),TIME(8,0,0)-C28,0))) -> 0 | G28: =SUM( IF(OR(C28="",D28=""),0,MAX(0,IF(D28<C28,D28+1,D28)-MAX(C28,TIME(12,0,0))))) -> 0 | H28: =G28+F28 -> 0 | I28: DEDUCIDO POR HORAS ACUMULADAS
A29: Ayudante | B29: Luis Omar Campos Connolly | C29: 0.33333333 | D29: 0.5375 | F29: =SUM(IF(C29="",0,IF(C29<TIME(8,0,0),TIME(8,0,0)-C29,0))) -> 0 | G29: =SUM( IF(OR(C29="",D29=""),0,MAX(0,IF(D29<C29,D29+1,D29)-MAX(C29,TIME(12,0,0))))) -> 0.0375 | H29: =G29+F29 -> 0.0375
A30: Ayudante | B30: Emilio Humberto Alegria Sanchez | C30: SUBSIDIO
A31: Ayudante | B31: Pablo Javier Berrios Sotelo | C31: 0.33333333 | D31: 0.52430556 | F31: =SUM(IF(C31="",0,IF(C31<TIME(8,0,0),TIME(8,0,0)-C31,0))) -> 0 | G31: =SUM( IF(OR(C31="",D31=""),0,MAX(0,IF(D31<C31,D31+1,D31)-MAX(C31,TIME(12,0,0))))) -> 0.024305556 | H31: =G31+F31 -> 0.024305556
A32: Ayudante | B32: Ramiro Isaac Solano Flores | C32: 0.33333333 | D32: 0.5 | F32: =SUM(IF(C32="",0,IF(C32<TIME(8,0,0),TIME(8,0,0)-C32,0))) -> 0 | G32: =SUM( IF(OR(C32="",D32=""),0,MAX(0,IF(D32<C32,D32+1,D32)-MAX(C32,TIME(12,0,0))))) -> 0 | H32: =G32+F32 -> 0
A33: Ayudante | B33: Reggie Sanders Rodriguez Tellez | C33: 0.33333333 | D33: 0.69097222 | F33: =SUM(IF(C33="",0,IF(C33<TIME(8,0,0),TIME(8,0,0)-C33,0))) -> 0 | G33: =SUM( IF(OR(C33="",D33=""),0,MAX(0,IF(D33<C33,D33+1,D33)-MAX(C33,TIME(12,0,0))))) -> 0.19097222 | H33: =G33+F33 -> 0.19097222
A34: Ayudante | B34: Engel Jose Brenes Aleman | C34: 0.33333333 | D34: 0.5 | F34: =SUM(IF(C34="",0,IF(C34<TIME(8,0,0),TIME(8,0,0)-C34,0))) -> 0 | G34: =SUM( IF(OR(C34="",D34=""),0,MAX(0,IF(D34<C34,D34+1,D34)-MAX(C34,TIME(12,0,0))))) -> 0 | H34: =G34+F34 -> 0
A35: Ayudante | B35: Ricky Nelson Bonilla Villagra | C35: A CUENTAS DE HORAS ACUMULADAS
A36: Ayudante | B36: Diego Manuel Potoy Vanegas | C36: Clinico
A37: Ayudante | B37: Henry Alberto Arevalo Velasquez | C37: 0.33333333 | D37: 0.54166667 | F37: =SUM(IF(C37="",0,IF(C37<TIME(8,0,0),TIME(8,0,0)-C37,0))) -> 0 | G37: =SUM( IF(OR(C37="",D37=""),0,MAX(0,IF(D37<C37,D37+1,D37)-MAX(C37,TIME(12,0,0))))) -> 0.041666667 | H37: =G37+F37 -> 0.041666667
A38: Ayudante | B38: Magdiel Daniel Cruz Aleman | C38: 0.33333333 | D38: 0.67361111 | F38: =SUM(IF(C38="",0,IF(C38<TIME(8,0,0),TIME(8,0,0)-C38,0))) -> 0 | G38: =SUM( IF(OR(C38="",D38=""),0,MAX(0,IF(D38<C38,D38+1,D38)-MAX(C38,TIME(12,0,0))))) -> 0.17361111 | H38: =G38+F38 -> 0.17361111
A39: Ayudante | B39: Carlos Jose Villavicencio Silva | C39: 0.33333333 | D39: 0.58611111 | F39: =SUM(IF(C39="",0,IF(C39<TIME(8,0,0),TIME(8,0,0)-C39,0))) -> 0 | G39: =SUM( IF(OR(C39="",D39=""),0,MAX(0,IF(D39<C39,D39+1,D39)-MAX(C39,TIME(12,0,0))))) -> 0.086111111 | H39: =G39+F39 -> 0.086111111
A40: Ayudante | B40: Einer Eliasar Lopez Hernandez | C40: 0.33333333 | D40: 0.5 | F40: =SUM(IF(C40="",0,IF(C40<TIME(8,0,0),TIME(8,0,0)-C40,0))) -> 0 | G40: =SUM( IF(OR(C40="",D40=""),0,MAX(0,IF(D40<C40,D40+1,D40)-MAX(C40,TIME(12,0,0))))) -> 0 | H40: =G40+F40 -> 0
A41: Ayudante | B41: Walter Roberto Vasquez Ramos | C41: 0.33333333 | D41: 0.625 | F41: =SUM(IF(C41="",0,IF(C41<TIME(8,0,0),TIME(8,0,0)-C41,0))) -> 0 | G41: =SUM( IF(OR(C41="",D41=""),0,MAX(0,IF(D41<C41,D41+1,D41)-MAX(C41,TIME(12,0,0))))) -> 0.125 | H41: =G41+F41 -> 0.125
A42: Ayudante | B42: Joel Alfonso Rocha Guzman | C42: 0.33333333 | D42: 0.5 | F42: =SUM(IF(C42="",0,IF(C42<TIME(8,0,0),TIME(8,0,0)-C42,0))) -> 0 | G42: =SUM( IF(OR(C42="",D42=""),0,MAX(0,IF(D42<C42,D42+1,D42)-MAX(C42,TIME(12,0,0))))) -> 0 | H42: =G42+F42 -> 0
A43: Ayudante | B43: Edwin de Jesus Aleman Davila | C43: A CUENTAS DE HORAS ACUMULADAS
A44: Ayudante | B44: Marvin Josue Martinez Canales | C44: 0.33333333 | D44: 0.5 | F44: =SUM(IF(C44="",0,IF(C44<TIME(8,0,0),TIME(8,0,0)-C44,0))) -> 0 | G44: =SUM( IF(OR(C44="",D44=""),0,MAX(0,IF(D44<C44,D44+1,D44)-MAX(C44,TIME(12,0,0))))) -> 0 | H44: =G44+F44 -> 0
A45: Ayudante | B45: Moises Abraham Balmaceda Gusman | C45: 0.33333333 | D45: 0.5 | F45: =SUM(IF(C45="",0,IF(C45<TIME(8,0,0),TIME(8,0,0)-C45,0))) -> 0 | G45: =SUM( IF(OR(C45="",D45=""),0,MAX(0,IF(D45<C45,D45+1,D45)-MAX(C45,TIME(12,0,0))))) -> 0 | H45: =G45+F45 -> 0
A46: Ayudante | B46: Juan Rafael Ordoñez Muñoz | C46: A CUENTAS DE HORAS ACUMULADAS
A47: Ayudante | B47: Daylan Jose Gonzalez Velasquez | C47: 0.33333333 | D47: 0.5375 | F47: =SUM(IF(C47="",0,IF(C47<TIME(8,0,0),TIME(8,0,0)-C47,0))) -> 0 | G47: =SUM( IF(OR(C47="",D47=""),0,MAX(0,IF(D47<C47,D47+1,D47)-MAX(C47,TIME(12,0,0))))) -> 0.0375 | H47: =G47+F47 -> 0.0375
A48: Ayudante | B48: Josue Antonio Davila Davila | C48: 0.33333333 | D48: 0.625 | F48: =SUM(IF(C48="",0,IF(C48<TIME(8,0,0),TIME(8,0,0)-C48,0))) -> 0 | G48: =SUM( IF(OR(C48="",D48=""),0,MAX(0,IF(D48<C48,D48+1,D48)-MAX(C48,TIME(12,0,0))))) -> 0.125 | H48: =G48+F48 -> 0.125
A49: Ayudante | B49: Elias Alexander Lopez Roque | C49: 0.33333333 | D49: 0.5 | F49: =SUM(IF(C49="",0,IF(C49<TIME(8,0,0),TIME(8,0,0)-C49,0))) -> 0 | G49: =SUM( IF(OR(C49="",D49=""),0,MAX(0,IF(D49<C49,D49+1,D49)-MAX(C49,TIME(12,0,0))))) -> 0 | H49: =G49+F49 -> 0
A50: Ayudante | B50: Moises Israel Esquivel Sequeira | C50: 0.33333333 | D50: 0.54166667 | F50: =SUM(IF(C50="",0,IF(C50<TIME(8,0,0),TIME(8,0,0)-C50,0))) -> 0 | G50: =SUM( IF(OR(C50="",D50=""),0,MAX(0,IF(D50<C50,D50+1,D50)-MAX(C50,TIME(12,0,0))))) -> 0.041666667 | H50: =G50+F50 -> 0.041666667
A51: Ayudante | B51: Anderson Agurto Martinez Avilez | C51: 0.33333333 | D51: 0.5 | F51: =SUM(IF(C51="",0,IF(C51<TIME(8,0,0),TIME(8,0,0)-C51,0))) -> 0 | G51: =SUM( IF(OR(C51="",D51=""),0,MAX(0,IF(D51<C51,D51+1,D51)-MAX(C51,TIME(12,0,0))))) -> 0 | H51: =G51+F51 -> 0
A52: Ayudante | B52: Harinto Jose Rodriguez Cruz | C52: 0.33333333 | D52: 0.5 | F52: =SUM(IF(C52="",0,IF(C52<TIME(8,0,0),TIME(8,0,0)-C52,0))) -> 0 | G52: =SUM( IF(OR(C52="",D52=""),0,MAX(0,IF(D52<C52,D52+1,D52)-MAX(C52,TIME(12,0,0))))) -> 0 | H52: =G52+F52 -> 0
A53: Ayudante | B53: Erving Antonio Rios Cardenas | C53: 0.33333333 | D53: 0.69305556 | F53: =SUM(IF(C53="",0,IF(C53<TIME(8,0,0),TIME(8,0,0)-C53,0))) -> 0 | G53: =SUM( IF(OR(C53="",D53=""),0,MAX(0,IF(D53<C53,D53+1,D53)-MAX(C53,TIME(12,0,0))))) -> 0.19305556 | H53: =G53+F53 -> 0.19305556
A54: Ayudante | B54: Cesar Ramon Roa | C54: 0.33333333 | D54: 0.5 | F54: =SUM(IF(C54="",0,IF(C54<TIME(8,0,0),TIME(8,0,0)-C54,0))) -> 0 | G54: =SUM( IF(OR(C54="",D54=""),0,MAX(0,IF(D54<C54,D54+1,D54)-MAX(C54,TIME(12,0,0))))) -> 0 | H54: =G54+F54 -> 0
A55: Ayudante | B55: Byron Omar Arburola Hernandez | C55: 0.33333333 | D55: 0.58611111 | F55: =SUM(IF(C55="",0,IF(C55<TIME(8,0,0),TIME(8,0,0)-C55,0))) -> 0 | G55: =SUM( IF(OR(C55="",D55=""),0,MAX(0,IF(D55<C55,D55+1,D55)-MAX(C55,TIME(12,0,0))))) -> 0.086111111 | H55: =G55+F55 -> 0.086111111
A56: Ayudante | B56: Segundo Noel Pichardo Solis | C56: 0.33333333 | D56: 0.50277778 | F56: =SUM(IF(C56="",0,IF(C56<TIME(8,0,0),TIME(8,0,0)-C56,0))) -> 0 | G56: =SUM( IF(OR(C56="",D56=""),0,MAX(0,IF(D56<C56,D56+1,D56)-MAX(C56,TIME(12,0,0))))) -> 0.0027777778 | H56: =G56+F56 -> 0.0027777778
A57: Ayudante | B57: Erick Jose Hernandez Palacios | C57: 0.33333333 | D57: 0.5 | F57: =SUM(IF(C57="",0,IF(C57<TIME(8,0,0),TIME(8,0,0)-C57,0))) -> 0 | G57: =SUM( IF(OR(C57="",D57=""),0,MAX(0,IF(D57<C57,D57+1,D57)-MAX(C57,TIME(12,0,0))))) -> 0 | H57: =G57+F57 -> 0
A58: Ayudante | B58: Alexis Alexander González García | C58: 0.33333333 | D58: 0.50416667 | F58: =SUM(IF(C58="",0,IF(C58<TIME(8,0,0),TIME(8,0,0)-C58,0))) -> 0 | G58: =SUM( IF(OR(C58="",D58=""),0,MAX(0,IF(D58<C58,D58+1,D58)-MAX(C58,TIME(12,0,0))))) -> 0.0041666667 | H58: =G58+F58 -> 0.0041666667
A59: Ayudante | B59: Manuel Ignacio Cañete Guerrero | C59: 0.33333333 | D59: 0.5 | F59: =SUM(IF(C59="",0,IF(C59<TIME(8,0,0),TIME(8,0,0)-C59,0))) -> 0 | G59: =SUM( IF(OR(C59="",D59=""),0,MAX(0,IF(D59<C59,D59+1,D59)-MAX(C59,TIME(12,0,0))))) -> 0 | H59: =G59+F59 -> 0
A60: Ayudante | B60: Guillermo José Reyes Fernández | C60: Clinico
H61: =SUM(H3:H60) -> 2.2333333

Sheet 28-08
B1: 0.33333333 | D1: REPORTE DE ASISTENCIA 28 DE AGOSTO DEL 2026.
A2: Cargo | B2: Nombre | C2: Entrada | D2: Salida | E2: Llegada Tarde | F2: HORAS ACUMULADAS ENTRADA | G2: HORAS ACUMULADAS SALIDAS | H2: Total | I2: Observaciones
A3: Supervisor | B3: David Castillo Martínez | C3: SUBSIDIO
A4: Admon. Bodega | B4: Lenin Amigo de Saul Mendoza Chavarria | C4: 0.33333333 | D4: 0.70833333 | F4: =SUM(IF(C4="",0,IF(C4<TIME(8,0,0),TIME(8,0,0)-C4,0))) -> 0 | G4: =SUM( IF(OR(C4="",D4=""),0,MAX(0,IF(D4<C4,D4+1,D4)-MAX(C4,TIME(17,0,0))))) -> 0 | H4: =G4+F4 -> 0
A5: Admon. Bodega | B5: Jose De Jesus Gaitan Lovo | C5: 0.33333333 | D5: 0.70833333 | F5: =SUM(IF(C5="",0,IF(C5<TIME(8,0,0),TIME(8,0,0)-C5,0))) -> 0 | G5: =SUM( IF(OR(C5="",D5=""),0,MAX(0,IF(D5<C5,D5+1,D5)-MAX(C5,TIME(17,0,0))))) -> 0 | H5: =G5+F5 -> 0
A6: Admon. Bodega | B6: Fernando Mauricio Salazar | C6: A CUENTAS DE HORAS ACUMULADAS
A7: Admon. Bodega | B7: Elvis Anthony Martinez Hernandez | C7: 0.33333333 | D7: 0.70833333 | F7: =SUM(IF(C7="",0,IF(C7<TIME(8,0,0),TIME(8,0,0)-C7,0))) -> 0 | G7: =SUM( IF(OR(C7="",D7=""),0,MAX(0,IF(D7<C7,D7+1,D7)-MAX(C7,TIME(17,0,0))))) -> 0 | H7: =G7+F7 -> 0
A8: Conductor | B8: Denis Alberto Lopez Gonzaga | C8: 0.25069444 | D8: 0.74861111 | F8: =SUM(IF(C8="",0,IF(C8<TIME(8,0,0),TIME(8,0,0)-C8,0))) -> 0.082638889 | G8: =SUM( IF(OR(C8="",D8=""),0,MAX(0,IF(D8<C8,D8+1,D8)-MAX(C8,TIME(17,0,0))))) -> 0.040277778 | H8: =G8+F8 -> 0.12291667
A9: Conductor | B9: Jose Gabriel Herrera | C9: 0.33333333 | D9: 0.70833333 | F9: =SUM(IF(C9="",0,IF(C9<TIME(8,0,0),TIME(8,0,0)-C9,0))) -> 0 | G9: =SUM( IF(OR(C9="",D9=""),0,MAX(0,IF(D9<C9,D9+1,D9)-MAX(C9,TIME(17,0,0))))) -> 0 | H9: =G9+F9 -> 0
A10: Conductor | B10: Francisco Valerio Altamirano | C10: 0.25 | D10: 0.94444444 | F10: =SUM(IF(C10="",0,IF(C10<TIME(8,0,0),TIME(8,0,0)-C10,0))) -> 0.083333333 | G10: =SUM( IF(OR(C10="",D10=""),0,MAX(0,IF(D10<C10,D10+1,D10)-MAX(C10,TIME(17,0,0))))) -> 0.23611111 | H10: =G10+F10 -> 0.31944444
A11: Conductor | B11: Manuel Salvador Centeno Salinas | C11: A CUENTAS DE HORAS ACUMULADAS
A12: Conductor | B12: Bayardo Benjamin Moran Lopez | C12: 0.33333333 | D12: 0.75 | F12: =SUM(IF(C12="",0,IF(C12<TIME(8,0,0),TIME(8,0,0)-C12,0))) -> 0 | G12: =SUM( IF(OR(C12="",D12=""),0,MAX(0,IF(D12<C12,D12+1,D12)-MAX(C12,TIME(17,0,0))))) -> 0.041666667 | H12: =G12+F12 -> 0.041666667
A13: Conductor | B13: Emerson Alberto Diaz Mendoza | C13: A CUENTAS DE HORAS ACUMULADAS
A14: Conductor | B14: David Uriel Zamora Martinez | C14: 0.33333333 | D14: 0.70833333 | F14: =SUM(IF(C14="",0,IF(C14<TIME(8,0,0),TIME(8,0,0)-C14,0))) -> 0 | G14: =SUM( IF(OR(C14="",D14=""),0,MAX(0,IF(D14<C14,D14+1,D14)-MAX(C14,TIME(17,0,0))))) -> 0 | H14: =G14+F14 -> 0
A15: Conductor | B15: Jorge Luis Telleria | C15: 0.33333333 | D15: 0.75 | F15: =SUM(IF(C15="",0,IF(C15<TIME(8,0,0),TIME(8,0,0)-C15,0))) -> 0 | G15: =SUM( IF(OR(C15="",D15=""),0,MAX(0,IF(D15<C15,D15+1,D15)-MAX(C15,TIME(17,0,0))))) -> 0.041666667 | H15: =G15+F15 -> 0.041666667
A16: Conductor | B16: Alejandro Jose Castro Jarquin | C16: 0.25 | D16: 0.84027778 | F16: =SUM(IF(C16="",0,IF(C16<TIME(8,0,0),TIME(8,0,0)-C16,0))) -> 0.083333333 | G16: =SUM( IF(OR(C16="",D16=""),0,MAX(0,IF(D16<C16,D16+1,D16)-MAX(C16,TIME(17,0,0))))) -> 0.13194444 | H16: =G16+F16 -> 0.21527778
A17: Conductor | B17: Juan Francisco Narvaez Molina | C17: 0.33333333 | D17: 0.70833333 | F17: =SUM(IF(C17="",0,IF(C17<TIME(8,0,0),TIME(8,0,0)-C17,0))) -> 0 | G17: =SUM( IF(OR(C17="",D17=""),0,MAX(0,IF(D17<C17,D17+1,D17)-MAX(C17,TIME(17,0,0))))) -> 0 | H17: =G17+F17 -> 0
A18: Conductor | B18: Fernando Antonio Centeno Gaitan | C18: 0.33333333 | D18: 0.70833333 | F18: =SUM(IF(C18="",0,IF(C18<TIME(8,0,0),TIME(8,0,0)-C18,0))) -> 0 | G18: =SUM( IF(OR(C18="",D18=""),0,MAX(0,IF(D18<C18,D18+1,D18)-MAX(C18,TIME(17,0,0))))) -> 0 | H18: =G18+F18 -> 0
A19: Conductor | B19: Richard Antonio Carrion Alvarez | C19: VACACIONES
A20: Conductor | B20: Dietrich Rafael Bone Burgos | C20: VACACIONES
A21: Conductor | B21: Juan Abrahán Duran Tercero | C21: 0.33333333 | D21: 0.84375 | F21: =SUM(IF(C21="",0,IF(C21<TIME(8,0,0),TIME(8,0,0)-C21,0))) -> 0 | G21: =SUM( IF(OR(C21="",D21=""),0,MAX(0,IF(D21<C21,D21+1,D21)-MAX(C21,TIME(17,0,0))))) -> 0.13541667 | H21: =G21+F21 -> 0.13541667
A22: Conductor | B22: Orlando José Ayerdis Barrios | C22: 0.31944444 | D22: 0.72916667 | F22: =SUM(IF(C22="",0,IF(C22<TIME(8,0,0),TIME(8,0,0)-C22,0))) -> 0.013888889 | G22: =SUM( IF(OR(C22="",D22=""),0,MAX(0,IF(D22<C22,D22+1,D22)-MAX(C22,TIME(17,0,0))))) -> 0.020833333 | H22: =G22+F22 -> 0.034722222
A23: Ayudante | B23: Walter Bernardino Aburto Maltez | C23: 0.33333333 | D23: 0.70833333 | F23: =SUM(IF(C23="",0,IF(C23<TIME(8,0,0),TIME(8,0,0)-C23,0))) -> 0 | G23: =SUM( IF(OR(C23="",D23=""),0,MAX(0,IF(D23<C23,D23+1,D23)-MAX(C23,TIME(17,0,0))))) -> 0 | H23: =G23+F23 -> 0
A24: Ayudante | B24: Bismarck Antonio Perez Aburto | C24: 0.33333333 | D24: 0.70833333 | F24: =SUM(IF(C24="",0,IF(C24<TIME(8,0,0),TIME(8,0,0)-C24,0))) -> 0 | G24: =SUM( IF(OR(C24="",D24=""),0,MAX(0,IF(D24<C24,D24+1,D24)-MAX(C24,TIME(17,0,0))))) -> 0 | H24: =G24+F24 -> 0
A25: Ayudante | B25: Jose Ariel Espinoza Parrales | C25: 0.25 | D25: 0.84027778 | F25: =SUM(IF(C25="",0,IF(C25<TIME(8,0,0),TIME(8,0,0)-C25,0))) -> 0.083333333 | G25: =SUM( IF(OR(C25="",D25=""),0,MAX(0,IF(D25<C25,D25+1,D25)-MAX(C25,TIME(17,0,0))))) -> 0.13194444 | H25: =G25+F25 -> 0.21527778
A26: Ayudante | B26: Yaro de Jesus Castillo Muñoz | C26: 0.33333333 | D26: 0.70833333 | F26: =SUM(IF(C26="",0,IF(C26<TIME(8,0,0),TIME(8,0,0)-C26,0))) -> 0 | G26: =SUM( IF(OR(C26="",D26=""),0,MAX(0,IF(D26<C26,D26+1,D26)-MAX(C26,TIME(17,0,0))))) -> 0 | H26: =G26+F26 -> 0
A27: Ayudante | B27: Orlando De Jesus Ruiz Ramirez | C27: 0.33333333 | D27: 0.70833333 | F27: =SUM(IF(C27="",0,IF(C27<TIME(8,0,0),TIME(8,0,0)-C27,0))) -> 0 | G27: =SUM( IF(OR(C27="",D27=""),0,MAX(0,IF(D27<C27,D27+1,D27)-MAX(C27,TIME(17,0,0))))) -> 0 | H27: =G27+F27 -> 0
A28: Ayudante | B28: Roberto Jose Arauz Alvarado | C28: 0.33333333 | D28: 0.70833333 | F28: =SUM(IF(C28="",0,IF(C28<TIME(8,0,0),TIME(8,0,0)-C28,0))) -> 0 | G28: =SUM( IF(OR(C28="",D28=""),0,MAX(0,IF(D28<C28,D28+1,D28)-MAX(C28,TIME(17,0,0))))) -> 0 | H28: =G28+F28 -> 0
A29: Ayudante | B29: Luis Omar Campos Connolly | C29: 0.25 | D29: 0.94513889 | F29: =SUM(IF(C29="",0,IF(C29<TIME(8,0,0),TIME(8,0,0)-C29,0))) -> 0.083333333 | G29: =SUM( IF(OR(C29="",D29=""),0,MAX(0,IF(D29<C29,D29+1,D29)-MAX(C29,TIME(17,0,0))))) -> 0.23680556 | H29: =G29+F29 -> 0.32013889
A30: Ayudante | B30: Emilio Humberto Alegria Sanchez | C30: SUBSIDIO
A31: Ayudante | B31: Pablo Javier Berrios Sotelo | C31: 0.45833333 | D31: 0.70833333 | F31: =SUM(IF(C31="",0,IF(C31<TIME(8,0,0),TIME(8,0,0)-C31,0))) -> 0 | G31: =SUM( IF(OR(C31="",D31=""),0,MAX(0,IF(D31<C31,D31+1,D31)-MAX(C31,TIME(17,0,0))))) -> 0 | H31: =G31+F31 -> 0 | I31: DEDUCIDO POR HORAS ACUMULADAS
A32: Ayudante | B32: Ramiro Isaac Solano Flores | C32: 0.33333333 | D32: 0.70833333 | F32: =SUM(IF(C32="",0,IF(C32<TIME(8,0,0),TIME(8,0,0)-C32,0))) -> 0 | G32: =SUM( IF(OR(C32="",D32=""),0,MAX(0,IF(D32<C32,D32+1,D32)-MAX(C32,TIME(17,0,0))))) -> 0 | H32: =G32+F32 -> 0
A33: Ayudante | B33: Reggie Sanders Rodriguez Tellez | C33: 0.25 | D33: 0.75 | F33: =SUM(IF(C33="",0,IF(C33<TIME(8,0,0),TIME(8,0,0)-C33,0))) -> 0.083333333 | G33: =SUM( IF(OR(C33="",D33=""),0,MAX(0,IF(D33<C33,D33+1,D33)-MAX(C33,TIME(17,0,0))))) -> 0.041666667 | H33: =G33+F33 -> 0.125
A34: Ayudante | B34: Engel Jose Brenes Aleman | C34: 0.33333333 | D34: 0.70833333 | F34: =SUM(IF(C34="",0,IF(C34<TIME(8,0,0),TIME(8,0,0)-C34,0))) -> 0 | G34: =SUM( IF(OR(C34="",D34=""),0,MAX(0,IF(D34<C34,D34+1,D34)-MAX(C34,TIME(17,0,0))))) -> 0 | H34: =G34+F34 -> 0
A35: Ayudante | B35: Ricky Nelson Bonilla Villagra | C35: A CUENTAS DE HORAS ACUMULADAS
A36: Ayudante | B36: Diego Manuel Potoy Vanegas | C36: A CUENTAS DE HORAS ACUMULADAS
A37: Ayudante | B37: Henry Alberto Arevalo Velasquez | C37: 0.25 | D37: 0.75 | F37: =SUM(IF(C37="",0,IF(C37<TIME(8,0,0),TIME(8,0,0)-C37,0))) -> 0.083333333 | G37: =SUM( IF(OR(C37="",D37=""),0,MAX(0,IF(D37<C37,D37+1,D37)-MAX(C37,TIME(17,0,0))))) -> 0.041666667 | H37: =G37+F37 -> 0.125
A38: Ayudante | B38: Magdiel Daniel Cruz Aleman | C38: 0.25 | D38: 0.84027778 | F38: =SUM(IF(C38="",0,IF(C38<TIME(8,0,0),TIME(8,0,0)-C38,0))) -> 0.083333333 | G38: =SUM( IF(OR(C38="",D38=""),0,MAX(0,IF(D38<C38,D38+1,D38)-MAX(C38,TIME(17,0,0))))) -> 0.13194444 | H38: =G38+F38 -> 0.21527778
A39: Ayudante | B39: Carlos Jose Villavicencio Silva | C39: 0.33333333 | D39: 0.70833333 | F39: =SUM(IF(C39="",0,IF(C39<TIME(8,0,0),TIME(8,0,0)-C39,0))) -> 0 | G39: =SUM( IF(OR(C39="",D39=""),0,MAX(0,IF(D39<C39,D39+1,D39)-MAX(C39,TIME(17,0,0))))) -> 0 | H39: =G39+F39 -> 0
A40: Ayudante | B40: Einer Eliasar Lopez Hernandez | C40: 0.33333333 | D40: 0.70833333 | F40: =SUM(IF(C40="",0,IF(C40<TIME(8,0,0),TIME(8,0,0)-C40,0))) -> 0 | G40: =SUM( IF(OR(C40="",D40=""),0,MAX(0,IF(D40<C40,D40+1,D40)-MAX(C40,TIME(17,0,0))))) -> 0 | H40: =G40+F40 -> 0
A41: Ayudante | B41: Walter Roberto Vasquez Ramos | C41: 0.33333333 | D41: 0.70833333 | F41: =SUM(IF(C41="",0,IF(C41<TIME(8,0,0),TIME(8,0,0)-C41,0))) -> 0 | G41: =SUM( IF(OR(C41="",D41=""),0,MAX(0,IF(D41<C41,D41+1,D41)-MAX(C41,TIME(17,0,0))))) -> 0 | H41: =G41+F41 -> 0
A42: Ayudante | B42: Joel Alfonso Rocha Guzman | C42: 0.33333333 | D42: 0.70833333 | F42: =SUM(IF(C42="",0,IF(C42<TIME(8,0,0),TIME(8,0,0)-C42,0))) -> 0 | G42: =SUM( IF(OR(C42="",D42=""),0,MAX(0,IF(D42<C42,D42+1,D42)-MAX(C42,TIME(17,0,0))))) -> 0 | H42: =G42+F42 -> 0
A43: Ayudante | B43: Edwin de Jesus Aleman Davila | C43: 0.33333333 | D43: 0.70833333 | F43: =SUM(IF(C43="",0,IF(C43<TIME(8,0,0),TIME(8,0,0)-C43,0))) -> 0 | G43: =SUM( IF(OR(C43="",D43=""),0,MAX(0,IF(D43<C43,D43+1,D43)-MAX(C43,TIME(17,0,0))))) -> 0 | H43: =G43+F43 -> 0
A44: Ayudante | B44: Marvin Josue Martinez Canales | C44: 0.25 | D44: 0.94513889 | F44: =SUM(IF(C44="",0,IF(C44<TIME(8,0,0),TIME(8,0,0)-C44,0))) -> 0.083333333 | G44: =SUM( IF(OR(C44="",D44=""),0,MAX(0,IF(D44<C44,D44+1,D44)-MAX(C44,TIME(17,0,0))))) -> 0.23680556 | H44: =G44+F44 -> 0.32013889
A45: Ayudante | B45: Moises Abraham Balmaceda Gusman | C45: 0.33333333 | D45: 0.70833333 | F45: =SUM(IF(C45="",0,IF(C45<TIME(8,0,0),TIME(8,0,0)-C45,0))) -> 0 | G45: =SUM( IF(OR(C45="",D45=""),0,MAX(0,IF(D45<C45,D45+1,D45)-MAX(C45,TIME(17,0,0))))) -> 0 | H45: =G45+F45 -> 0
A46: Ayudante | B46: Juan Rafael Ordoñez Muñoz | C46: 0.33333333 | D46: 0.70833333 | F46: =SUM(IF(C46="",0,IF(C46<TIME(8,0,0),TIME(8,0,0)-C46,0))) -> 0 | G46: =SUM( IF(OR(C46="",D46=""),0,MAX(0,IF(D46<C46,D46+1,D46)-MAX(C46,TIME(17,0,0))))) -> 0 | H46: =G46+F46 -> 0
A47: Ayudante | B47: Daylan Jose Gonzalez Velasquez | C47: 0.33333333 | D47: 0.70833333 | F47: =SUM(IF(C47="",0,IF(C47<TIME(8,0,0),TIME(8,0,0)-C47,0))) -> 0 | G47: =SUM( IF(OR(C47="",D47=""),0,MAX(0,IF(D47<C47,D47+1,D47)-MAX(C47,TIME(17,0,0))))) -> 0 | H47: =G47+F47 -> 0
A48: Ayudante | B48: Josue Antonio Davila Davila | C48: 0.33333333 | D48: 0.66666667 | F48: =SUM(IF(C48="",0,IF(C48<TIME(8,0,0),TIME(8,0,0)-C48,0))) -> 0 | G48: =SUM( IF(OR(C48="",D48=""),0,MAX(0,IF(D48<C48,D48+1,D48)-MAX(C48,TIME(17,0,0))))) -> 0 | H48: =G48+F48 -> 0 | I48: DEDUCIDO POR HORAS ACUMULADAS
A49: Ayudante | B49: Elias Alexander Lopez Roque | C49: 0.33333333 | D49: 0.70833333 | F49: =SUM(IF(C49="",0,IF(C49<TIME(8,0,0),TIME(8,0,0)-C49,0))) -> 0 | G49: =SUM( IF(OR(C49="",D49=""),0,MAX(0,IF(D49<C49,D49+1,D49)-MAX(C49,TIME(17,0,0))))) -> 0 | H49: =G49+F49 -> 0
A50: Ayudante | B50: Moises Israel Esquivel Sequeira | C50: 0.33333333 | D50: 0.64583333 | F50: =SUM(IF(C50="",0,IF(C50<TIME(8,0,0),TIME(8,0,0)-C50,0))) -> 0 | G50: =SUM( IF(OR(C50="",D50=""),0,MAX(0,IF(D50<C50,D50+1,D50)-MAX(C50,TIME(17,0,0))))) -> 0 | H50: =G50+F50 -> 0 | I50: DEDUCIDO POR HORAS ACUMULADAS
A51: Ayudante | B51: Anderson Agurto Martinez Avilez | C51: 0.33333333 | D51: 0.70833333 | F51: =SUM(IF(C51="",0,IF(C51<TIME(8,0,0),TIME(8,0,0)-C51,0))) -> 0 | G51: =SUM( IF(OR(C51="",D51=""),0,MAX(0,IF(D51<C51,D51+1,D51)-MAX(C51,TIME(17,0,0))))) -> 0 | H51: =G51+F51 -> 0
A52: Ayudante | B52: Harinto Jose Rodriguez Cruz | C52: 0.33333333 | D52: 0.70833333 | F52: =SUM(IF(C52="",0,IF(C52<TIME(8,0,0),TIME(8,0,0)-C52,0))) -> 0 | G52: =SUM( IF(OR(C52="",D52=""),0,MAX(0,IF(D52<C52,D52+1,D52)-MAX(C52,TIME(17,0,0))))) -> 0 | H52: =G52+F52 -> 0
A53: Ayudante | B53: Erving Antonio Rios Cardenas | C53: 0.33333333 | D53: 0.70833333 | F53: =SUM(IF(C53="",0,IF(C53<TIME(8,0,0),TIME(8,0,0)-C53,0))) -> 0 | G53: =SUM( IF(OR(C53="",D53=""),0,MAX(0,IF(D53<C53,D53+1,D53)-MAX(C53,TIME(17,0,0))))) -> 0 | H53: =G53+F53 -> 0
A54: Ayudante | B54: Cesar Ramon Roa | C54: 0.33333333 | D54: 0.83680556 | F54: =SUM(IF(C54="",0,IF(C54<TIME(8,0,0),TIME(8,0,0)-C54,0))) -> 0 | G54: =SUM( IF(OR(C54="",D54=""),0,MAX(0,IF(D54<C54,D54+1,D54)-MAX(C54,TIME(17,0,0))))) -> 0.12847222 | H54: =G54+F54 -> 0.12847222
A55: Ayudante | B55: Byron Omar Arburola Hernandez | C55: 0.33333333 | D55: 0.70833333 | F55: =SUM(IF(C55="",0,IF(C55<TIME(8,0,0),TIME(8,0,0)-C55,0))) -> 0 | G55: =SUM( IF(OR(C55="",D55=""),0,MAX(0,IF(D55<C55,D55+1,D55)-MAX(C55,TIME(17,0,0))))) -> 0 | H55: =G55+F55 -> 0
A56: Ayudante | B56: Segundo Noel Pichardo Solis | C56: 0.33333333 | D56: 0.67361111 | F56: =SUM(IF(C56="",0,IF(C56<TIME(8,0,0),TIME(8,0,0)-C56,0))) -> 0 | G56: =SUM( IF(OR(C56="",D56=""),0,MAX(0,IF(D56<C56,D56+1,D56)-MAX(C56,TIME(17,0,0))))) -> 0 | H56: =G56+F56 -> 0 | I56: DEDUCIDO POR HORAS ACUMULADAS
A57: Ayudante | B57: Erick Jose Hernandez Palacios | C57: 0.33333333 | D57: 0.70833333 | F57: =SUM(IF(C57="",0,IF(C57<TIME(8,0,0),TIME(8,0,0)-C57,0))) -> 0 | G57: =SUM( IF(OR(C57="",D57=""),0,MAX(0,IF(D57<C57,D57+1,D57)-MAX(C57,TIME(17,0,0))))) -> 0 | H57: =G57+F57 -> 0
A58: Ayudante | B58: Alexis Alexander González García | C58: 0.33333333 | D58: 0.80208333 | F58: =SUM(IF(C58="",0,IF(C58<TIME(8,0,0),TIME(8,0,0)-C58,0))) -> 0 | G58: =SUM( IF(OR(C58="",D58=""),0,MAX(0,IF(D58<C58,D58+1,D58)-MAX(C58,TIME(17,0,0))))) -> 0.09375 | H58: =G58+F58 -> 0.09375
A59: Ayudante | B59: Manuel Ignacio Cañete Guerrero | C59: 0.33333333 | D59: 0.70833333 | F59: =SUM(IF(C59="",0,IF(C59<TIME(8,0,0),TIME(8,0,0)-C59,0))) -> 0 | G59: =SUM( IF(OR(C59="",D59=""),0,MAX(0,IF(D59<C59,D59+1,D59)-MAX(C59,TIME(17,0,0))))) -> 0 | H59: =G59+F59 -> 0
A60: Ayudante | B60: Guillermo José Reyes Fernández | C60: 0.33333333 | D60: 0.70833333 | F60: =SUM(IF(C60="",0,IF(C60<TIME(8,0,0),TIME(8,0,0)-C60,0))) -> 0 | G60: =SUM( IF(OR(C60="",D60=""),0,MAX(0,IF(D60<C60,D60+1,D60)-MAX(C60,TIME(17,0,0))))) -> 0 | H60: =G60+F60 -> 0
H61: =SUM(H3:H60) -> 2.4541667

Sheet 27-08
B1: 0.33333333 | D1: REPORTE DE ASISTENCIA 27 DE AGOSTO DEL 2026.
A2: Cargo | B2: Nombre | C2: Entrada | D2: Salida | E2: Llegada Tarde | F2: HORAS ACUMULADAS ENTRADA | G2: HORAS ACUMULADAS SALIDAS | H2: Total | I2: Observaciones
A3: Supervisor | B3: David Castillo Martínez | C3: SUBSIDIO
A4: Admon. Bodega | B4: Lenin Amigo de Saul Mendoza Chavarria | C4: 0.33333333 | D4: 0.76388889 | F4: =SUM(IF(C4="",0,IF(C4<TIME(8,0,0),TIME(8,0,0)-C4,0))) -> 0 | G4: =SUM( IF(OR(C4="",D4=""),0,MAX(0,IF(D4<C4,D4+1,D4)-MAX(C4,TIME(17,0,0))))) -> 0.055555556 | H4: =G4+F4 -> 0.055555556
A5: Admon. Bodega | B5: Jose De Jesus Gaitan Lovo | C5: 0.33333333 | D5: 0.76388889 | F5: =SUM(IF(C5="",0,IF(C5<TIME(8,0,0),TIME(8,0,0)-C5,0))) -> 0 | G5: =SUM( IF(OR(C5="",D5=""),0,MAX(0,IF(D5<C5,D5+1,D5)-MAX(C5,TIME(17,0,0))))) -> 0.055555556 | H5: =G5+F5 -> 0.055555556
A6: Admon. Bodega | B6: Fernando Mauricio Salazar | C6: A CUENTAS DE HORAS ACUMULADAS
A7: Admon. Bodega | B7: Elvis Anthony Martinez Hernandez | C7: 0.33333333 | D7: 0.70833333 | F7: =SUM(IF(C7="",0,IF(C7<TIME(8,0,0),TIME(8,0,0)-C7,0))) -> 0 | G7: =SUM( IF(OR(C7="",D7=""),0,MAX(0,IF(D7<C7,D7+1,D7)-MAX(C7,TIME(17,0,0))))) -> 0 | H7: =G7+F7 -> 0
A8: Conductor | B8: Denis Alberto Lopez Gonzaga | C8: 0.33333333 | D8: 0.77430556 | F8: =SUM(IF(C8="",0,IF(C8<TIME(8,0,0),TIME(8,0,0)-C8,0))) -> 0 | G8: =SUM( IF(OR(C8="",D8=""),0,MAX(0,IF(D8<C8,D8+1,D8)-MAX(C8,TIME(17,0,0))))) -> 0.065972222 | H8: =G8+F8 -> 0.065972222
A9: Conductor | B9: Jose Gabriel Herrera | C9: 0.33333333 | D9: 0.78055556 | F9: =SUM(IF(C9="",0,IF(C9<TIME(8,0,0),TIME(8,0,0)-C9,0))) -> 0 | G9: =SUM( IF(OR(C9="",D9=""),0,MAX(0,IF(D9<C9,D9+1,D9)-MAX(C9,TIME(17,0,0))))) -> 0.072222222 | H9: =G9+F9 -> 0.072222222
A10: Conductor | B10: Francisco Valerio Altamirano | C10: 0.33333333 | D10: 0.70833333 | F10: =SUM(IF(C10="",0,IF(C10<TIME(8,0,0),TIME(8,0,0)-C10,0))) -> 0 | G10: =SUM( IF(OR(C10="",D10=""),0,MAX(0,IF(D10<C10,D10+1,D10)-MAX(C10,TIME(17,0,0))))) -> 0 | H10: =G10+F10 -> 0
A11: Conductor | B11: Manuel Salvador Centeno Salinas | C11: A CUENTAS DE HORAS ACUMULADAS
A12: Conductor | B12: Bayardo Benjamin Moran Lopez | C12: 0.33333333 | D12: 0.78472222 | F12: =SUM(IF(C12="",0,IF(C12<TIME(8,0,0),TIME(8,0,0)-C12,0))) -> 0 | G12: =SUM( IF(OR(C12="",D12=""),0,MAX(0,IF(D12<C12,D12+1,D12)-MAX(C12,TIME(17,0,0))))) -> 0.076388889 | H12: =G12+F12 -> 0.076388889
A13: Conductor | B13: Emerson Alberto Diaz Mendoza | C13: A CUENTAS DE HORAS ACUMULADAS
A14: Conductor | B14: David Uriel Zamora Martinez | C14: 0.33333333 | D14: 0.70833333 | F14: =SUM(IF(C14="",0,IF(C14<TIME(8,0,0),TIME(8,0,0)-C14,0))) -> 0 | G14: =SUM( IF(OR(C14="",D14=""),0,MAX(0,IF(D14<C14,D14+1,D14)-MAX(C14,TIME(17,0,0))))) -> 0 | H14: =G14+F14 -> 0
A15: Conductor | B15: Jorge Luis Telleria | C15: 0.33333333 | D15: 0.70833333 | F15: =SUM(IF(C15="",0,IF(C15<TIME(8,0,0),TIME(8,0,0)-C15,0))) -> 0 | G15: =SUM( IF(OR(C15="",D15=""),0,MAX(0,IF(D15<C15,D15+1,D15)-MAX(C15,TIME(17,0,0))))) -> 0 | H15: =G15+F15 -> 0
A16: Conductor | B16: Alejandro Jose Castro Jarquin | C16: 0.33333333 | D16: 0.70833333 | F16: =SUM(IF(C16="",0,IF(C16<TIME(8,0,0),TIME(8,0,0)-C16,0))) -> 0 | G16: =SUM( IF(OR(C16="",D16=""),0,MAX(0,IF(D16<C16,D16+1,D16)-MAX(C16,TIME(17,0,0))))) -> 0 | H16: =G16+F16 -> 0
A17: Conductor | B17: Juan Francisco Narvaez Molina | C17: 0.33333333 | D17: 0.70833333 | F17: =SUM(IF(C17="",0,IF(C17<TIME(8,0,0),TIME(8,0,0)-C17,0))) -> 0 | G17: =SUM( IF(OR(C17="",D17=""),0,MAX(0,IF(D17<C17,D17+1,D17)-MAX(C17,TIME(17,0,0))))) -> 0 | H17: =G17+F17 -> 0
A18: Conductor | B18: Fernando Antonio Centeno Gaitan | C18: 0.33333333 | D18: 0.84791667 | F18: =SUM(IF(C18="",0,IF(C18<TIME(8,0,0),TIME(8,0,0)-C18,0))) -> 0 | G18: =SUM( IF(OR(C18="",D18=""),0,MAX(0,IF(D18<C18,D18+1,D18)-MAX(C18,TIME(17,0,0))))) -> 0.13958333 | H18: =G18+F18 -> 0.13958333
A19: Conductor | B19: Richard Antonio Carrion Alvarez | C19: VACACIONES
A20: Conductor | B20: Dietrich Rafael Bone Burgos | C20: VACACIONES
A21: Conductor | B21: Juan Abrahán Duran Tercero | C21: 0.33333333 | D21: 0.70833333 | F21: =SUM(IF(C21="",0,IF(C21<TIME(8,0,0),TIME(8,0,0)-C21,0))) -> 0 | G21: =SUM( IF(OR(C21="",D21=""),0,MAX(0,IF(D21<C21,D21+1,D21)-MAX(C21,TIME(17,0,0))))) -> 0 | H21: =G21+F21 -> 0
A22: Conductor | B22: Orlando José Ayerdis Barrios | C22: 0.33333333 | D22: 0.78125 | F22: =SUM(IF(C22="",0,IF(C22<TIME(8,0,0),TIME(8,0,0)-C22,0))) -> 0 | G22: =SUM( IF(OR(C22="",D22=""),0,MAX(0,IF(D22<C22,D22+1,D22)-MAX(C22,TIME(17,0,0))))) -> 0.072916667 | H22: =G22+F22 -> 0.072916667
A23: Ayudante | B23: Walter Bernardino Aburto Maltez | C23: 0.33333333 | D23: 0.70833333 | F23: =SUM(IF(C23="",0,IF(C23<TIME(8,0,0),TIME(8,0,0)-C23,0))) -> 0 | G23: =SUM( IF(OR(C23="",D23=""),0,MAX(0,IF(D23<C23,D23+1,D23)-MAX(C23,TIME(17,0,0))))) -> 0 | H23: =G23+F23 -> 0
A24: Ayudante | B24: Bismarck Antonio Perez Aburto | C24: 0.33333333 | D24: 0.70833333 | F24: =SUM(IF(C24="",0,IF(C24<TIME(8,0,0),TIME(8,0,0)-C24,0))) -> 0 | G24: =SUM( IF(OR(C24="",D24=""),0,MAX(0,IF(D24<C24,D24+1,D24)-MAX(C24,TIME(17,0,0))))) -> 0 | H24: =G24+F24 -> 0
A25: Ayudante | B25: Jose Ariel Espinoza Parrales | C25: 0.33333333 | D25: 0.70833333 | F25: =SUM(IF(C25="",0,IF(C25<TIME(8,0,0),TIME(8,0,0)-C25,0))) -> 0 | G25: =SUM( IF(OR(C25="",D25=""),0,MAX(0,IF(D25<C25,D25+1,D25)-MAX(C25,TIME(17,0,0))))) -> 0 | H25: =G25+F25 -> 0
A26: Ayudante | B26: Yaro de Jesus Castillo Muñoz | C26: 0.33333333 | D26: 0.76388889 | F26: =SUM(IF(C26="",0,IF(C26<TIME(8,0,0),TIME(8,0,0)-C26,0))) -> 0 | G26: =SUM( IF(OR(C26="",D26=""),0,MAX(0,IF(D26<C26,D26+1,D26)-MAX(C26,TIME(17,0,0))))) -> 0.055555556 | H26: =G26+F26 -> 0.055555556
A27: Ayudante | B27: Orlando De Jesus Ruiz Ramirez | C27: 0.33333333 | D27: 0.76388889 | F27: =SUM(IF(C27="",0,IF(C27<TIME(8,0,0),TIME(8,0,0)-C27,0))) -> 0 | G27: =SUM( IF(OR(C27="",D27=""),0,MAX(0,IF(D27<C27,D27+1,D27)-MAX(C27,TIME(17,0,0))))) -> 0.055555556 | H27: =G27+F27 -> 0.055555556
A28: Ayudante | B28: Roberto Jose Arauz Alvarado | C28: 0.33333333 | D28: 0.70833333 | F28: =SUM(IF(C28="",0,IF(C28<TIME(8,0,0),TIME(8,0,0)-C28,0))) -> 0 | G28: =SUM( IF(OR(C28="",D28=""),0,MAX(0,IF(D28<C28,D28+1,D28)-MAX(C28,TIME(17,0,0))))) -> 0 | H28: =G28+F28 -> 0
A29: Ayudante | B29: Luis Omar Campos Connolly | C29: 0.33333333 | D29: 0.70833333 | F29: =SUM(IF(C29="",0,IF(C29<TIME(8,0,0),TIME(8,0,0)-C29,0))) -> 0 | G29: =SUM( IF(OR(C29="",D29=""),0,MAX(0,IF(D29<C29,D29+1,D29)-MAX(C29,TIME(17,0,0))))) -> 0 | H29: =G29+F29 -> 0
A30: Ayudante | B30: Emilio Humberto Alegria Sanchez | C30: SUBSIDIO
A31: Ayudante | B31: Pablo Javier Berrios Sotelo | C31: 0.33333333 | D31: 0.70833333 | F31: =SUM(IF(C31="",0,IF(C31<TIME(8,0,0),TIME(8,0,0)-C31,0))) -> 0 | G31: =SUM( IF(OR(C31="",D31=""),0,MAX(0,IF(D31<C31,D31+1,D31)-MAX(C31,TIME(17,0,0))))) -> 0 | H31: =G31+F31 -> 0
A32: Ayudante | B32: Ramiro Isaac Solano Flores | C32: 0.33333333 | D32: 0.8125 | F32: =SUM(IF(C32="",0,IF(C32<TIME(8,0,0),TIME(8,0,0)-C32,0))) -> 0 | G32: =SUM( IF(OR(C32="",D32=""),0,MAX(0,IF(D32<C32,D32+1,D32)-MAX(C32,TIME(17,0,0))))) -> 0.10416667 | H32: =G32+F32 -> 0.10416667
A33: Ayudante | B33: Reggie Sanders Rodriguez Tellez | C33: 0.33333333 | D33: 0.76388889 | F33: =SUM(IF(C33="",0,IF(C33<TIME(8,0,0),TIME(8,0,0)-C33,0))) -> 0 | G33: =SUM( IF(OR(C33="",D33=""),0,MAX(0,IF(D33<C33,D33+1,D33)-MAX(C33,TIME(17,0,0))))) -> 0.055555556 | H33: =G33+F33 -> 0.055555556
A34: Ayudante | B34: Engel Jose Brenes Aleman | C34: 0.33333333 | D34: 0.70833333 | F34: =SUM(IF(C34="",0,IF(C34<TIME(8,0,0),TIME(8,0,0)-C34,0))) -> 0 | G34: =SUM( IF(OR(C34="",D34=""),0,MAX(0,IF(D34<C34,D34+1,D34)-MAX(C34,TIME(17,0,0))))) -> 0 | H34: =G34+F34 -> 0
A35: Ayudante | B35: Ricky Nelson Bonilla Villagra | C35: 0.33333333 | D35: 0.76388889 | F35: =SUM(IF(C35="",0,IF(C35<TIME(8,0,0),TIME(8,0,0)-C35,0))) -> 0 | G35: =SUM( IF(OR(C35="",D35=""),0,MAX(0,IF(D35<C35,D35+1,D35)-MAX(C35,TIME(17,0,0))))) -> 0.055555556 | H35: =G35+F35 -> 0.055555556
A36: Ayudante | B36: Diego Manuel Potoy Vanegas | C36: 0.33333333 | D36: 0.70833333 | F36: =SUM(IF(C36="",0,IF(C36<TIME(8,0,0),TIME(8,0,0)-C36,0))) -> 0 | G36: =SUM( IF(OR(C36="",D36=""),0,MAX(0,IF(D36<C36,D36+1,D36)-MAX(C36,TIME(17,0,0))))) -> 0 | H36: =G36+F36 -> 0
A37: Ayudante | B37: Henry Alberto Arevalo Velasquez | C37: 0.33333333 | D37: 0.76388889 | F37: =SUM(IF(C37="",0,IF(C37<TIME(8,0,0),TIME(8,0,0)-C37,0))) -> 0 | G37: =SUM( IF(OR(C37="",D37=""),0,MAX(0,IF(D37<C37,D37+1,D37)-MAX(C37,TIME(17,0,0))))) -> 0.055555556 | H37: =G37+F37 -> 0.055555556
A38: Ayudante | B38: Magdiel Daniel Cruz Aleman | C38: 0.44791667 | D38: 0.70833333 | F38: =SUM(IF(C38="",0,IF(C38<TIME(8,0,0),TIME(8,0,0)-C38,0))) -> 0 | G38: =SUM( IF(OR(C38="",D38=""),0,MAX(0,IF(D38<C38,D38+1,D38)-MAX(C38,TIME(17,0,0))))) -> 0 | H38: =G38+F38 -> 0
A39: Ayudante | B39: Carlos Jose Villavicencio Silva | C39: 0.33333333 | D39: 0.70833333 | F39: =SUM(IF(C39="",0,IF(C39<TIME(8,0,0),TIME(8,0,0)-C39,0))) -> 0 | G39: =SUM( IF(OR(C39="",D39=""),0,MAX(0,IF(D39<C39,D39+1,D39)-MAX(C39,TIME(17,0,0))))) -> 0 | H39: =G39+F39 -> 0
A40: Ayudante | B40: Einer Eliasar Lopez Hernandez | C40: 0.33333333 | D40: 0.70833333 | F40: =SUM(IF(C40="",0,IF(C40<TIME(8,0,0),TIME(8,0,0)-C40,0))) -> 0 | G40: =SUM( IF(OR(C40="",D40=""),0,MAX(0,IF(D40<C40,D40+1,D40)-MAX(C40,TIME(17,0,0))))) -> 0 | H40: =G40+F40 -> 0
A41: Ayudante | B41: Walter Roberto Vasquez Ramos | C41: 0.33333333 | D41: 0.70833333 | F41: =SUM(IF(C41="",0,IF(C41<TIME(8,0,0),TIME(8,0,0)-C41,0))) -> 0 | G41: =SUM( IF(OR(C41="",D41=""),0,MAX(0,IF(D41<C41,D41+1,D41)-MAX(C41,TIME(17,0,0))))) -> 0 | H41: =G41+F41 -> 0
A42: Ayudante | B42: Joel Alfonso Rocha Guzman | C42: 0.33333333 | D42: 0.70833333 | F42: =SUM(IF(C42="",0,IF(C42<TIME(8,0,0),TIME(8,0,0)-C42,0))) -> 0 | G42: =SUM( IF(OR(C42="",D42=""),0,MAX(0,IF(D42<C42,D42+1,D42)-MAX(C42,TIME(17,0,0))))) -> 0 | H42: =G42+F42 -> 0
... A60: Ayudante | B60: Guillermo José Reyes Fernández | C60: 0.33333333 | D60: 0.70833333 | F60: =SUM(IF(C60="",0,IF(C60<TIME(8,0,0),TIME(8,0,0)-C60,0))) -> 0 | G60: =SUM( IF(OR(C60="",D60=""),0,MAX(0,IF(D60<C60,D60+1,D60)-MAX(C60,TIME(17,0,0))))) -> 0 | H60: =G60+F60 -> 0
H61: =SUM(H3:H60) -> 1.3555556

Sheet 26-08
B1: 0.33333333 | D1: REPORTE DE ASISTENCIA 26 DE AGOSTO DEL 2026.
A2: Cargo | B2: Nombre | C2: Entrada | D2: Salida | E2: Llegada Tarde | F2: HORAS ACUMULADAS ENTRADA | G2: HORAS ACUMULADAS SALIDAS | H2: Total | I2: Observaciones
A3: Supervisor | B3: David Castillo Martínez | C3: SUBSIDIO
A4: Admon. Bodega | B4: Lenin Amigo de Saul Mendoza Chavarria | C4: 0.33333333 | D4: 0.70833333 | F4: =SUM(IF(C4="",0,IF(C4<TIME(8,0,0),TIME(8,0,0)-C4,0))) -> 0 | G4: =SUM( IF(OR(C4="",D4=""),0,MAX(0,IF(D4<C4,D4+1,D4)-MAX(C4,TIME(17,0,0))))) -> 0 | H4: =G4+F4 -> 0
A5: Admon. Bodega | B5: Jose De Jesus Gaitan Lovo | C5: 0.33333333 | D5: 0.70833333 | F5: =SUM(IF(C5="",0,IF(C5<TIME(8,0,0),TIME(8,0,0)-C5,0))) -> 0 | G5: =SUM( IF(OR(C5="",D5=""),0,MAX(0,IF(D5<C5,D5+1,D5)-MAX(C5,TIME(17,0,0))))) -> 0 | H5: =G5+F5 -> 0
A6: Admon. Bodega | B6: Fernando Mauricio Salazar | C6: A CUENTAS DE HORAS ACUMULADAS
A7: Admon. Bodega | B7: Elvis Anthony Martinez Hernandez | C7: 0.33333333 | D7: 0.70833333 | F7: =SUM(IF(C7="",0,IF(C7<TIME(8,0,0),TIME(8,0,0)-C7,0))) -> 0 | G7: =SUM( IF(OR(C7="",D7=""),0,MAX(0,IF(D7<C7,D7+1,D7)-MAX(C7,TIME(17,0,0))))) -> 0 | H7: =G7+F7 -> 0
A8: Conductor | B8: Denis Alberto Lopez Gonzaga | C8: 0.33333333 | D8: 0.77708333 | F8: =SUM(IF(C8="",0,IF(C8<TIME(8,0,0),TIME(8,0,0)-C8,0))) -> 0 | G8: =SUM( IF(OR(C8="",D8=""),0,MAX(0,IF(D8<C8,D8+1,D8)-MAX(C8,TIME(17,0,0))))) -> 0.06875 | H8: =G8+F8 -> 0.06875
A9: Conductor | B9: Jose Gabriel Herrera | C9: 0.33333333 | D9: 0.70833333 | F9: =SUM(IF(C9="",0,IF(C9<TIME(8,0,0),TIME(8,0,0)-C9,0))) -> 0 | G9: =SUM( IF(OR(C9="",D9=""),0,MAX(0,IF(D9<C9,D9+1,D9)-MAX(C9,TIME(17,0,0))))) -> 0 | H9: =G9+F9 -> 0
A10: Conductor | B10: Francisco Valerio Altamirano | C10: 0.33333333 | D10: 0.84166667 | F10: =SUM(IF(C10="",0,IF(C10<TIME(8,0,0),TIME(8,0,0)-C10,0))) -> 0 | G10: =SUM( IF(OR(C10="",D10=""),0,MAX(0,IF(D10<C10,D10+1,D10)-MAX(C10,TIME(17,0,0))))) -> 0.13333333 | H10: =G10+F10 -> 0.13333333
A11: Conductor | B11: Manuel Salvador Centeno Salinas | C11: A CUENTAS DE HORAS ACUMULADAS
A12: Conductor | B12: Bayardo Benjamin Moran Lopez | C12: 0.33333333 | D12: 0.70833333 | F12: =SUM(IF(C12="",0,IF(C12<TIME(8,0,0),TIME(8,0,0)-C12,0))) -> 0 | G12: =SUM( IF(OR(C12="",D12=""),0,MAX(0,IF(D12<C12,D12+1,D12)-MAX(C12,TIME(17,0,0))))) -> 0 | H12: =G12+F12 -> 0
A13: Conductor | B13: Emerson Alberto Diaz Mendoza | C13: A CUENTAS DE HORAS ACUMULADAS
A14: Conductor | B14: David Uriel Zamora Martinez | C14: 0.33333333 | D14: 0.70833333 | F14: =SUM(IF(C14="",0,IF(C14<TIME(8,0,0),TIME(8,0,0)-C14,0))) -> 0 | G14: =SUM( IF(OR(C14="",D14=""),0,MAX(0,IF(D14<C14,D14+1,D14)-MAX(C14,TIME(17,0,0))))) -> 0 | H14: =G14+F14 -> 0
A15: Conductor | B15: Jorge Luis Telleria | C15: 0.25 | D15: 0.70833333 | F15: =SUM(IF(C15="",0,IF(C15<TIME(8,0,0),TIME(8,0,0)-C15,0))) -> 0.083333333 | G15: =SUM( IF(OR(C15="",D15=""),0,MAX(0,IF(D15<C15,D15+1,D15)-MAX(C15,TIME(17,0,0))))) -> 0 | H15: =G15+F15 -> 0.083333333
A16: Conductor | B16: Alejandro Jose Castro Jarquin | C16: 0.3125 | D16: 0.73611111 | F16: =SUM(IF(C16="",0,IF(C16<TIME(8,0,0),TIME(8,0,0)-C16,0))) -> 0.020833333 | G16: =SUM( IF(OR(C16="",D16=""),0,MAX(0,IF(D16<C16,D16+1,D16)-MAX(C16,TIME(17,0,0))))) -> 0.027777778 | H16: =G16+F16 -> 0.048611111
A17: Conductor | B17: Juan Francisco Narvaez Molina | C17: 0.33333333 | D17: 0.70833333 | F17: =SUM(IF(C17="",0,IF(C17<TIME(8,0,0),TIME(8,0,0)-C17,0))) -> 0 | G17: =SUM( IF(OR(C17="",D17=""),0,MAX(0,IF(D17<C17,D17+1,D17)-MAX(C17,TIME(17,0,0))))) -> 0 | H17: =G17+F17 -> 0
A18: Conductor | B18: Fernando Antonio Centeno Gaitan | C18: 0.33333333 | D18: 0.70833333 | F18: =SUM(IF(C18="",0,IF(C18<TIME(8,0,0),TIME(8,0,0)-C18,0))) -> 0 | G18: =SUM( IF(OR(C18="",D18=""),0,MAX(0,IF(D18<C18,D18+1,D18)-MAX(C18,TIME(17,0,0))))) -> 0 | H18: =G18+F18 -> 0
A19: Conductor | B19: Richard Antonio Carrion Alvarez | C19: VACACIONES
A20: Conductor | B20: Dietrich Rafael Bone Burgos | C20: VACACIONES
A21: Conductor | B21: Juan Abrahán Duran Tercero | C21: 0.33333333 | D21: 0.70833333 | F21: =SUM(IF(C21="",0,IF(C21<TIME(8,0,0),TIME(8,0,0)-C21,0))) -> 0 | G21: =SUM( IF(OR(C21="",D21=""),0,MAX(0,IF(D21<C21,D21+1,D21)-MAX(C21,TIME(17,0,0))))) -> 0 | H21: =G21+F21 -> 0
A22: Conductor | B22: Orlando José Ayerdis Barrios | C22: 0.33333333 | D22: 0.70833333 | F22: =SUM(IF(C22="",0,IF(C22<TIME(8,0,0),TIME(8,0,0)-C22,0))) -> 0 | G22: =SUM( IF(OR(C22="",D22=""),0,MAX(0,IF(D22<C22,D22+1,D22)-MAX(C22,TIME(17,0,0))))) -> 0 | H22: =G22+F22 -> 0
A23: Ayudante | B23: Walter Bernardino Aburto Maltez | C23: 0.33333333 | D23: 0.70833333 | F23: =SUM(IF(C23="",0,IF(C23<TIME(8,0,0),TIME(8,0,0)-C23,0))) -> 0 | G23: =SUM( IF(OR(C23="",D23=""),0,MAX(0,IF(D23<C23,D23+1,D23)-MAX(C23,TIME(17,0,0))))) -> 0 | H23: =G23+F23 -> 0
A24: Ayudante | B24: Bismarck Antonio Perez Aburto | C24: A CUENTAS DE HORAS ACUMULADAS
A25: Ayudante | B25: Jose Ariel Espinoza Parrales | C25: 0.33333333 | D25: 0.84513889 | F25: =SUM(IF(C25="",0,IF(C25<TIME(8,0,0),TIME(8,0,0)-C25,0))) -> 0 | G25: =SUM( IF(OR(C25="",D25=""),0,MAX(0,IF(D25<C25,D25+1,D25)-MAX(C25,TIME(17,0,0))))) -> 0.13680556 | H25: =G25+F25 -> 0.13680556
A26: Ayudante | B26: Yaro de Jesus Castillo Muñoz | C26: 0.33333333 | D26: 0.70833333 | F26: =SUM(IF(C26="",0,IF(C26<TIME(8,0,0),TIME(8,0,0)-C26,0))) -> 0 | G26: =SUM( IF(OR(C26="",D26=""),0,MAX(0,IF(D26<C26,D26+1,D26)-MAX(C26,TIME(17,0,0))))) -> 0 | H26: =G26+F26 -> 0
A27: Ayudante | B27: Orlando De Jesus Ruiz Ramirez | C27: 0.33333333 | D27: 0.70833333 | F27: =SUM(IF(C27="",0,IF(C27<TIME(8,0,0),TIME(8,0,0)-C27,0))) -> 0 | G27: =SUM( IF(OR(C27="",D27=""),0,MAX(0,IF(D27<C27,D27+1,D27)-MAX(C27,TIME(17,0,0))))) -> 0 | H27: =G27+F27 -> 0
A28: Ayudante | B28: Roberto Jose Arauz Alvarado | C28: 0.33333333 | D28: 0.70833333 | F28: =SUM(IF(C28="",0,IF(C28<TIME(8,0,0),TIME(8,0,0)-C28,0))) -> 0 | G28: =SUM( IF(OR(C28="",D28=""),0,MAX(0,IF(D28<C28,D28+1,D28)-MAX(C28,TIME(17,0,0))))) -> 0 | H28: =G28+F28 -> 0
A29: Ayudante | B29: Luis Omar Campos Connolly | C29: 0.33333333 | D29: 0.84513889 | F29: =SUM(IF(C29="",0,IF(C29<TIME(8,0,0),TIME(8,0,0)-C29,0))) -> 0 | G29: =SUM( IF(OR(C29="",D29=""),0,MAX(0,IF(D29<C29,D29+1,D29)-MAX(C29,TIME(17,0,0))))) -> 0.13680556 | H29: =G29+F29 -> 0.13680556
A30: Ayudante | B30: Emilio Humberto Alegria Sanchez | C30: SUBSIDIO
A31: Ayudante | B31: Pablo Javier Berrios Sotelo | C31: 0.33333333 | D31: 0.70833333 | F31: =SUM(IF(C31="",0,IF(C31<TIME(8,0,0),TIME(8,0,0)-C31,0))) -> 0 | G31: =SUM( IF(OR(C31="",D31=""),0,MAX(0,IF(D31<C31,D31+1,D31)-MAX(C31,TIME(17,0,0))))) -> 0 | H31: =G31+F31 -> 0
A32: Ayudante | B32: Ramiro Isaac Solano Flores | C32: 0.33333333 | D32: 0.70833333 | F32: =SUM(IF(C32="",0,IF(C32<TIME(8,0,0),TIME(8,0,0)-C32,0))) -> 0 | G32: =SUM( IF(OR(C32="",D32=""),0,MAX(0,IF(D32<C32,D32+1,D32)-MAX(C32,TIME(17,0,0))))) -> 0 | H32: =G32+F32 -> 0
A33: Ayudante | B33: Reggie Sanders Rodriguez Tellez | C33: 0.33333333 | D33: 0.70833333 | F33: =SUM(IF(C33="",0,IF(C33<TIME(8,0,0),TIME(8,0,0)-C33,0))) -> 0 | G33: =SUM( IF(OR(C33="",D33=""),0,MAX(0,IF(D33<C33,D33+1,D33)-MAX(C33,TIME(17,0,0))))) -> 0 | H33: =G33+F33 -> 0
A34: Ayudante | B34: Engel Jose Brenes Aleman | C34: 0.33333333 | D34: 0.70833333 | F34: =SUM(IF(C34="",0,IF(C34<TIME(8,0,0),TIME(8,0,0)-C34,0))) -> 0 | G34: =SUM( IF(OR(C34="",D34=""),0,MAX(0,IF(D34<C34,D34+1,D34)-MAX(C34,TIME(17,0,0))))) -> 0 | H34: =G34+F34 -> 0
A35: Ayudante | B35: Ricky Nelson Bonilla Villagra | C35: 0.33333333 | D35: 0.70833333 | F35: =SUM(IF(C35="",0,IF(C35<TIME(8,0,0),TIME(8,0,0)-C35,0))) -> 0 | G35: =SUM( IF(OR(C35="",D35=""),0,MAX(0,IF(D35<C35,D35+1,D35)-MAX(C35,TIME(17,0,0))))) -> 0 | H35: =G35+F35 -> 0
A36: Ayudante | B36: Diego Manuel Potoy Vanegas | C36: 0.26388889 | D36: 0.76388889 | F36: =SUM(IF(C36="",0,IF(C36<TIME(8,0,0),TIME(8,0,0)-C36,0))) -> 0.069444444 | G36: =SUM( IF(OR(C36="",D36=""),0,MAX(0,IF(D36<C36,D36+1,D36)-MAX(C36,TIME(17,0,0))))) -> 0.055555556 | H36: =G36+F36 -> 0.125
A37: Ayudante | B37: Henry Alberto Arevalo Velasquez | C37: 0.33333333 | D37: 0.70833333 | F37: =SUM(IF(C37="",0,IF(C37<TIME(8,0,0),TIME(8,0,0)-C37,0))) -> 0 | G37: =SUM( IF(OR(C37="",D37=""),0,MAX(0,IF(D37<C37,D37+1,D37)-MAX(C37,TIME(17,0,0))))) -> 0 | H37: =G37+F37 -> 0
A38: Ayudante | B38: Magdiel Daniel Cruz Aleman | C38: 0.33333333 | D38: 0.70833333 | F38: =SUM(IF(C38="",0,IF(C38<TIME(8,0,0),TIME(8,0,0)-C38,0))) -> 0 | G38: =SUM( IF(OR(C38="",D38=""),0,MAX(0,IF(D38<C38,D38+1,D38)-MAX(C38,TIME(17,0,0))))) -> 0 | H38: =G38+F38 -> 0
A39: Ayudante | B39: Carlos Jose Villavicencio Silva | C39: 0.33333333 | D39: 0.70833333 | F39: =SUM(IF(C39="",0,IF(C39<TIME(8,0,0),TIME(8,0,0)-C39,0))) -> 0 | G39: =SUM( IF(OR(C39="",D39=""),0,MAX(0,IF(D39<C39,D39+1,D39)-MAX(C39,TIME(17,0,0))))) -> 0 | H39: =G39+F39 -> 0
A40: Ayudante | B40: Einer Eliasar Lopez Hernandez | C40: 0.27083333 | D40: 0.6875 | F40: =SUM(IF(C40="",0,IF(C40<TIME(8,0,0),TIME(8,0,0)-C40,0))) -> 0.0625 | G40: =SUM( IF(OR(C40="",D40=""),0,MAX(0,IF(D40<C40,D40+1,D40)-MAX(C40,TIME(17,0,0))))) -> 0 | H40: =G40+F40 -> 0.0625 | I40: DEDUCIDO POR HORAS ACUMULADAS
A41: Ayudante | B41: Walter Roberto Vasquez Ramos | C41: 0.33333333 | D41: 0.70833333 | F41: =SUM(IF(C41="",0,IF(C41<TIME(8,0,0),TIME(8,0,0)-C41,0))) -> 0 | G41: =SUM( IF(OR(C41="",D41=""),0,MAX(0,IF(D41<C41,D41+1,D41)-MAX(C41,TIME(17,0,0))))) -> 0 | H41: =G41+F41 -> 0
A42: Ayudante | B42: Joel Alfonso Rocha Guzman | C42: 0.33333333 | D42: 0.70833333 | F42: =SUM(IF(C42="",0,IF(C42<TIME(8,0,0),TIME(8,0,0)-C42,0))) -> 0 | G42: =SUM( IF(OR(C42="",D42=""),0,MAX(0,IF(D42<C42,D42+1,D42)-MAX(C42,TIME(17,0,0))))) -> 0 | H42: =G42+F42 -> 0
A43: Ayudante | B43: Edwin de Jesus Aleman Davila | C43: 0.25 | D43: 0.70833333 | F43: =SUM(IF(C43="",0,IF(C43<TIME(8,0,0),TIME(8,0,0)-C43,0))) -> 0.083333333 | G43: =SUM( IF(OR(C43="",D43=""),0,MAX(0,IF(D43<C43,D43+1,D43)-MAX(C43,TIME(17,0,0))))) -> 0 | H43: =G43+F43 -> 0.083333333
A44: Ayudante | B44: Marvin Josue Martinez Canales | C44: 0.3125 | D44: 0.73611111 | F44: =SUM(IF(C44="",0,IF(C44<TIME(8,0,0),TIME(8,0,0)-C44,0))) -> 0.020833333 | G44: =SUM( IF(OR(C44="",D44=""),0,MAX(0,IF(D44<C44,D44+1,D44)-MAX(C44,TIME(17,0,0))))) -> 0.027777778 | H44: =G44+F44 -> 0.048611111
A45: Ayudante | B45: Moises Abraham Balmaceda Gusman | C45: A CUENTAS DE HORAS ACUMULADAS
A46: Ayudante | B46: Juan Rafael Ordoñez Muñoz | C46: 0.33333333 | D46: 0.70833333 | F46: =SUM(IF(C46="",0,IF(C46<TIME(8,0,0),TIME(8,0,0)-C46,0))) -> 0 | G46: =SUM( IF(OR(C46="",D46=""),0,MAX(0,IF(D46<C46,D46+1,D46)-MAX(C46,TIME(17,0,0))))) -> 0 | H46: =G46+F46 -> 0
A47: Ayudante | B47: Daylan Jose Gonzalez Velasquez | C47: 0.33333333 | D47: 0.5 | F47: =SUM(IF(C47="",0,IF(C47<TIME(8,0,0),TIME(8,0,0)-C47,0))) -> 0 | G47: =SUM( IF(OR(C47="",D47=""),0,MAX(0,IF(D47<C47,D47+1,D47)-MAX(C47,TIME(17,0,0))))) -> 0 | H47: =G47+F47 -> 0 | I47: DEDUCIDO POR HORAS ACUMULADAS
A48: Ayudante | B48: Josue Antonio Davila Davila | C48: 0.3125 | D48: 0.73611111 | F48: =SUM(IF(C48="",0,IF(C48<TIME(8,0,0),TIME(8,0,0)-C48,0))) -> 0.020833333 | G48: =SUM( IF(OR(C48="",D48=""),0,MAX(0,IF(D48<C48,D48+1,D48)-MAX(C48,TIME(17,0,0))))) -> 0.027777778 | H48: =G48+F48 -> 0.048611111
A49: Ayudante | B49: Elias Alexander Lopez Roque | C49: 0.33333333 | D49: 0.70833333 | F49: =SUM(IF(C49="",0,IF(C49<TIME(8,0,0),TIME(8,0,0)-C49,0))) -> 0 | G49: =SUM( IF(OR(C49="",D49=""),0,MAX(0,IF(D49<C49,D49+1,D49)-MAX(C49,TIME(17,0,0))))) -> 0 | H49: =G49+F49 -> 0
A50: Ayudante | B50: Moises Israel Esquivel Sequeira | C50: 0.26388889 | D50: 0.76388889 | F50: =SUM(IF(C50="",0,IF(C50<TIME(8,0,0),TIME(8,0,0)-C50,0))) -> 0.069444444 | G50: =SUM( IF(OR(C50="",D50=""),0,MAX(0,IF(D50<C50,D50+1,D50)-MAX(C50,TIME(17,0,0))))) -> 0.055555556 | H50: =G50+F50 -> 0.125
A51: Ayudante | B51: Anderson Agurto Martinez Avilez | C51: 0.41944444 | D51: 0.70833333 | F51: =SUM(IF(C51="",0,IF(C51<TIME(8,0,0),TIME(8,0,0)-C51,0))) -> 0 | G51: =SUM( IF(OR(C51="",D51=""),0,MAX(0,IF(D51<C51,D51+1,D51)-MAX(C51,TIME(17,0,0))))) -> 0 | H51: =G51+F51 -> 0 | I51: DEDUCIDO POR HORAS ACUMULADAS
A52: Ayudante | B52: Harinto Jose Rodriguez Cruz | C52: 0.33333333 | D52: 0.70833333 | F52: =SUM(IF(C52="",0,IF(C52<TIME(8,0,0),TIME(8,0,0)-C52,0))) -> 0 | G52: =SUM( IF(OR(C52="",D52=""),0,MAX(0,IF(D52<C52,D52+1,D52)-MAX(C52,TIME(17,0,0))))) -> 0 | H52: =G52+F52 -> 0
A53: Ayudante | B53: Erving Antonio Rios Cardenas | C53: 0.33333333 | D53: 0.70833333 | F53: =SUM(IF(C53="",0,IF(C53<TIME(8,0,0),TIME(8,0,0)-C53,0))) -> 0 | G53: =SUM( IF(OR(C53="",D53=""),0,MAX(0,IF(D53<C53,D53+1,D53)-MAX(C53,TIME(17,0,0))))) -> 0 | H53: =G53+F53 -> 0
A54: Ayudante | B54: Cesar Ramon Roa | C54: 0.33333333 | D54: 0.70833333 | F54: =SUM(IF(C54="",0,IF(C54<TIME(8,0,0),TIME(8,0,0)-C54,0))) -> 0 | G54: =SUM( IF(OR(C54="",D54=""),0,MAX(0,IF(D54<C54,D54+1,D54)-MAX(C54,TIME(17,0,0))))) -> 0 | H54: =G54+F54 -> 0
A55: Ayudante | B55: Byron Omar Arburola Hernandez | C55: 0.33333333 | D55: 0.70833333 | F55: =SUM(IF(C55="",0,IF(C55<TIME(8,0,0),TIME(8,0,0)-C55,0))) -> 0 | G55: =SUM( IF(OR(C55="",D55=""),0,MAX(0,IF(D55<C55,D55+1,D55)-MAX(C55,TIME(17,0,0))))) -> 0 | H55: =G55+F55 -> 0
A56: Ayudante | B56: Segundo Noel Pichardo Solis | C56: 0.33333333 | D56: 0.70833333 | F56: =SUM(IF(C56="",0,IF(C56<TIME(8,0,0),TIME(8,0,0)-C56,0))) -> 0 | G56: =SUM( IF(OR(C56="",D56=""),0,MAX(0,IF(D56<C56,D56+1,D56)-MAX(C56,TIME(17,0,0))))) -> 0 | H56: =G56+F56 -> 0
A57: Ayudante | B57: Erick Jose Hernandez Palacios | C57: 0.33333333 | D57: 0.70833333 | F57: =SUM(IF(C57="",0,IF(C57<TIME(8,0,0),TIME(8,0,0)-C57,0))) -> 0 | G57: =SUM( IF(OR(C57="",D57=""),0,MAX(0,IF(D57<C57,D57+1,D57)-MAX(C57,TIME(17,0,0))))) -> 0 | H57: =G57+F57 -> 0
A58: Ayudante | B58: Alexis Alexander González García | C58: 0.33333333 | D58: 0.70833333 | F58: =SUM(IF(C58="",0,IF(C58<TIME(8,0,0),TIME(8,0,0)-C58,0))) -> 0 | G58: =SUM( IF(OR(C58="",D58=""),0,MAX(0,IF(D58<C58,D58+1,D58)-MAX(C58,TIME(17,0,0))))) -> 0 | H58: =G58+F58 -> 0
A59: Ayudante | B59: Manuel Ignacio Cañete Guerrero | C59: 0.33333333 | D59: 0.70833333 | F59: =SUM(IF(C59="",0,IF(C59<TIME(8,0,0),TIME(8,0,0)-C59,0))) -> 0 | G59: =SUM( IF(OR(C59="",D59=""),0,MAX(0,IF(D59<C59,D59+1,D59)-MAX(C59,TIME(17,0,0))))) -> 0 | H59: =G59+F59 -> 0
A60: Ayudante | B60: Guillermo José Reyes Fernández | C60: 0.33333333 | D60: 0.70833333 | F60: =SUM(IF(C60="",0,IF(C60<TIME(8,0,0),TIME(8,0,0)-C60,0))) -> 0 | G60: =SUM( IF(OR(C60="",D60=""),0,MAX(0,IF(D60<C60,D60+1,D60)-MAX(C60,TIME(17,0,0))))) -> 0 | H60: =G60+F60 -> 0
H61: =SUM(H3:H60) -> 1.1006944

Sheet 25-08
B1: 0.33333333 | D1: REPORTE DE ASISTENCIA 25 DE AGOSTO DEL 2026.
A2: Cargo | B2: Nombre | C2: Entrada | D2: Salida | E2: Llegada Tarde | F2: HORAS ACUMULADAS ENTRADA | G2: HORAS ACUMULADAS SALIDAS | H2: Total | I2: Observaciones
A3: Supervisor | B3: David Castillo Martínez | C3: SUBSIDIO
A4: Admon. Bodega | B4: Lenin Amigo de Saul Mendoza Chavarria | C4: 0.33333333 | D4: 0.70833333 | F4: =SUM(IF(C4="",0,IF(C4<TIME(8,0,0),TIME(8,0,0)-C4,0))) -> 0 | G4: =SUM( IF(OR(C4="",D4=""),0,MAX(0,IF(D4<C4,D4+1,D4)-MAX(C4,TIME(17,0,0))))) -> 0 | H4: =G4+F4 -> 0
A5: Admon. Bodega | B5: Jose De Jesus Gaitan Lovo | C5: 0.33333333 | D5: 0.70833333 | F5: =SUM(IF(C5="",0,IF(C5<TIME(8,0,0),TIME(8,0,0)-C5,0))) -> 0 | G5: =SUM( IF(OR(C5="",D5=""),0,MAX(0,IF(D5<C5,D5+1,D5)-MAX(C5,TIME(17,0,0))))) -> 0 | H5: =G5+F5 -> 0
A6: Admon. Bodega | B6: Fernando Mauricio Salazar | C6: A CUENTAS DE HORAS ACUMULADAS
A7: Admon. Bodega | B7: Elvis Anthony Martinez Hernandez | C7: 0.33333333 | D7: 0.70833333 | F7: =SUM(IF(C7="",0,IF(C7<TIME(8,0,0),TIME(8,0,0)-C7,0))) -> 0 | G7: =SUM( IF(OR(C7="",D7=""),0,MAX(0,IF(D7<C7,D7+1,D7)-MAX(C7,TIME(17,0,0))))) -> 0 | H7: =G7+F7 -> 0
A8: Conductor | B8: Denis Alberto Lopez Gonzaga | C8: 0.25 | D8: 0.84513889 | F8: =SUM(IF(C8="",0,IF(C8<TIME(8,0,0),TIME(8,0,0)-C8,0))) -> 0.083333333 | G8: =SUM( IF(OR(C8="",D8=""),0,MAX(0,IF(D8<C8,D8+1,D8)-MAX(C8,TIME(17,0,0))))) -> 0.13680556 | H8: =G8+F8 -> 0.22013889
A9: Conductor | B9: Jose Gabriel Herrera | C9: 0.33333333 | D9: 0.70833333 | F9: =SUM(IF(C9="",0,IF(C9<TIME(8,0,0),TIME(8,0,0)-C9,0))) -> 0 | G9: =SUM( IF(OR(C9="",D9=""),0,MAX(0,IF(D9<C9,D9+1,D9)-MAX(C9,TIME(17,0,0))))) -> 0 | H9: =G9+F9 -> 0
A10: Conductor | B10: Francisco Valerio Altamirano | C10: 0.25 | D10: 0.875 | F10: =SUM(IF(C10="",0,IF(C10<TIME(8,0,0),TIME(8,0,0)-C10,0))) -> 0.083333333 | G10: =SUM( IF(OR(C10="",D10=""),0,MAX(0,IF(D10<C10,D10+1,D10)-MAX(C10,TIME(17,0,0))))) -> 0.16666667 | H10: =G10+F10 -> 0.25
A11: Conductor | B11: Manuel Salvador Centeno Salinas | C11: 0.33333333 | D11: 0.70833333 | F11: =SUM(IF(C11="",0,IF(C11<TIME(8,0,0),TIME(8,0,0)-C11,0))) -> 0 | G11: =SUM( IF(OR(C11="",D11=""),0,MAX(0,IF(D11<C11,D11+1,D11)-MAX(C11,TIME(17,0,0))))) -> 0 | H11: =G11+F11 -> 0
A12: Conductor | B12: Bayardo Benjamin Moran Lopez | C12: 0.25 | D12: 0.875 | F12: =SUM(IF(C12="",0,IF(C12<TIME(8,0,0),TIME(8,0,0)-C12,0))) -> 0.083333333 | G12: =SUM( IF(OR(C12="",D12=""),0,MAX(0,IF(D12<C12,D12+1,D12)-MAX(C12,TIME(17,0,0))))) -> 0.16666667 | H12: =G12+F12 -> 0.25
A13: Conductor | B13: Emerson Alberto Diaz Mendoza | C13: A CUENTAS DE HORAS ACUMULADAS
A14: Conductor | B14: David Uriel Zamora Martinez | C14: 0.33333333 | D14: 0.79166667 | F14: =SUM(IF(C14="",0,IF(C14<TIME(8,0,0),TIME(8,0,0)-C14,0))) -> 0 | G14: =SUM( IF(OR(C14="",D14=""),0,MAX(0,IF(D14<C14,D14+1,D14)-MAX(C14,TIME(17,0,0))))) -> 0.083333333 | H14: =G14+F14 -> 0.083333333
A15: Conductor | B15: Jorge Luis Telleria | C15: 0.33333333 | D15: 0.70833333 | F15: =SUM(IF(C15="",0,IF(C15<TIME(8,0,0),TIME(8,0,0)-C15,0))) -> 0 | G15: =SUM( IF(OR(C15="",D15=""),0,MAX(0,IF(D15<C15,D15+1,D15)-MAX(C15,TIME(17,0,0))))) -> 0 | H15: =G15+F15 -> 0
A16: Conductor | B16: Alejandro Jose Castro Jarquin | C16: 0.33333333 | D16: 0.70833333 | F16: =SUM(IF(C16="",0,IF(C16<TIME(8,0,0),TIME(8,0,0)-C16,0))) -> 0 | G16: =SUM( IF(OR(C16="",D16=""),0,MAX(0,IF(D16<C16,D16+1,D16)-MAX(C16,TIME(17,0,0))))) -> 0 | H16: =G16+F16 -> 0
A17: Conductor | B17: Juan Francisco Narvaez Molina | C17: 0.33333333 | D17: 0.70833333 | F17: =SUM(IF(C17="",0,IF(C17<TIME(8,0,0),TIME(8,0,0)-C17,0))) -> 0 | G17: =SUM( IF(OR(C17="",D17=""),0,MAX(0,IF(D17<C17,D17+1,D17)-MAX(C17,TIME(17,0,0))))) -> 0 | H17: =G17+F17 -> 0
A18: Conductor | B18: Fernando Antonio Centeno Gaitan | C18: 0.33333333 | D18: 0.76736111 | F18: =SUM(IF(C18="",0,IF(C18<TIME(8,0,0),TIME(8,0,0)-C18,0))) -> 0 | G18: =SUM( IF(OR(C18="",D18=""),0,MAX(0,IF(D18<C18,D18+1,D18)-MAX(C18,TIME(17,0,0))))) -> 0.059027778 | H18: =G18+F18 -> 0.059027778
A19: Conductor | B19: Richard Antonio Carrion Alvarez | C19: VACACIONES
A20: Conductor | B20: Dietrich Rafael Bone Burgos | C20: VACACIONES
A21: Conductor | B21: Juan Abrahán Duran Tercero | C21: 0.33333333 | D21: 0.79166667 | F21: =SUM(IF(C21="",0,IF(C21<TIME(8,0,0),TIME(8,0,0)-C21,0))) -> 0 | G21: =SUM( IF(OR(C21="",D21=""),0,MAX(0,IF(D21<C21,D21+1,D21)-MAX(C21,TIME(17,0,0))))) -> 0.083333333 | H21: =G21+F21 -> 0.083333333
A22: Conductor | B22: Orlando José Ayerdis Barrios | C22: 0.33333333 | D22: 0.70833333 | F22: =SUM(IF(C22="",0,IF(C22<TIME(8,0,0),TIME(8,0,0)-C22,0))) -> 0 | G22: =SUM( IF(OR(C22="",D22=""),0,MAX(0,IF(D22<C22,D22+1,D22)-MAX(C22,TIME(17,0,0))))) -> 0 | H22: =G22+F22 -> 0
A23: Ayudante | B23: Walter Bernardino Aburto Maltez | C23: 0.42222222 | D23: 0.61458333 | F23: =SUM(IF(C23="",0,IF(C23<TIME(8,0,0),TIME(8,0,0)-C23,0))) -> 0 | G23: =SUM( IF(OR(C23="",D23=""),0,MAX(0,IF(D23<C23,D23+1,D23)-MAX(C23,TIME(17,0,0))))) -> 0 | H23: =G23+F23 -> 0 | I23: Constancia Medica
A24: Ayudante | B24: Bismarck Antonio Perez Aburto | C24: 0.33333333 | D24: 0.70833333 | F24: =SUM(IF(C24="",0,IF(C24<TIME(8,0,0),TIME(8,0,0)-C24,0))) -> 0 | G24: =SUM( IF(OR(C24="",D24=""),0,MAX(0,IF(D24<C24,D24+1,D24)-MAX(C24,TIME(17,0,0))))) -> 0 | H24: =G24+F24 -> 0
A25: Ayudante | B25: Jose Ariel Espinoza Parrales | C25: 0.33333333 | D25: 0.70833333 | F25: =SUM(IF(C25="",0,IF(C25<TIME(8,0,0),TIME(8,0,0)-C25,0))) -> 0 | G25: =SUM( IF(OR(C25="",D25=""),0,MAX(0,IF(D25<C25,D25+1,D25)-MAX(C25,TIME(17,0,0))))) -> 0 | H25: =G25+F25 -> 0
A26: Ayudante | B26: Yaro de Jesus Castillo Muñoz | C26: 0.25 | D26: 0.875 | F26: =SUM(IF(C26="",0,IF(C26<TIME(8,0,0),TIME(8,0,0)-C26,0))) -> 0.083333333 | G26: =SUM( IF(OR(C26="",D26=""),0,MAX(0,IF(D26<C26,D26+1,D26)-MAX(C26,TIME(17,0,0))))) -> 0.16666667 | H26: =G26+F26 -> 0.25
A27: Ayudante | B27: Orlando De Jesus Ruiz Ramirez | C27: 0.25 | D27: 0.84027778 | F27: =SUM(IF(C27="",0,IF(C27<TIME(8,0,0),TIME(8,0,0)-C27,0))) -> 0.083333333 | G27: =SUM( IF(OR(C27="",D27=""),0,MAX(0,IF(D27<C27,D27+1,D27)-MAX(C27,TIME(17,0,0))))) -> 0.13194444 | H27: =G27+F27 -> 0.21527778
A28: Ayudante | B28: Roberto Jose Arauz Alvarado | C28: 0.33333333 | D28: 0.70833333 | F28: =SUM(IF(C28="",0,IF(C28<TIME(8,0,0),TIME(8,0,0)-C28,0))) -> 0 | G28: =SUM( IF(OR(C28="",D28=""),0,MAX(0,IF(D28<C28,D28+1,D28)-MAX(C28,TIME(17,0,0))))) -> 0 | H28: =G28+F28 -> 0
A29: Ayudante | B29: Luis Omar Campos Connolly | C29: 0.33333333 | D29: 0.70833333 | F29: =SUM(IF(C29="",0,IF(C29<TIME(8,0,0),TIME(8,0,0)-C29,0))) -> 0 | G29: =SUM( IF(OR(C29="",D29=""),0,MAX(0,IF(D29<C29,D29+1,D29)-MAX(C29,TIME(17,0,0))))) -> 0 | H29: =G29+F29 -> 0
A30: Ayudante | B30: Emilio Humberto Alegria Sanchez | C30: SUBSIDIO
A31: Ayudante | B31: Pablo Javier Berrios Sotelo | C31: A CUENTAS DE HORAS ACUMULADAS
A32: Ayudante | B32: Ramiro Isaac Solano Flores | C32: 0.33333333 | D32: 0.70833333 | F32: =SUM(IF(C32="",0,IF(C32<TIME(8,0,0),TIME(8,0,0)-C32,0))) -> 0 | G32: =SUM( IF(OR(C32="",D32=""),0,MAX(0,IF(D32<C32,D32+1,D32)-MAX(C32,TIME(17,0,0))))) -> 0 | H32: =G32+F32 -> 0
A33: Ayudante | B33: Reggie Sanders Rodriguez Tellez | C33: 0.33333333 | D33: 0.775 | F33: =SUM(IF(C33="",0,IF(C33<TIME(8,0,0),TIME(8,0,0)-C33,0))) -> 0 | G33: =SUM( IF(OR(C33="",D33=""),0,MAX(0,IF(D33<C33,D33+1,D33)-MAX(C33,TIME(17,0,0))))) -> 0.066666667 | H33: =G33+F33 -> 0.066666667
A34: Ayudante | B34: Engel Jose Brenes Aleman | C34: 0.35 | D34: 0.70833333 | F34: =SUM(IF(C34="",0,IF(C34<TIME(8,0,0),TIME(8,0,0)-C34,0))) -> 0 | G34: =SUM( IF(OR(C34="",D34=""),0,MAX(0,IF(D34<C34,D34+1,D34)-MAX(C34,TIME(17,0,0))))) -> 0 | H34: =G34+F34 -> 0 | I34: DEDUCIDO POR HORAS ACUMULADAS
A35: Ayudante | B35: Ricky Nelson Bonilla Villagra | C35: 0.33333333 | D35: 0.70833333 | F35: =SUM(IF(C35="",0,IF(C35<TIME(8,0,0),TIME(8,0,0)-C35,0))) -> 0 | G35: =SUM( IF(OR(C35="",D35=""),0,MAX(0,IF(D35<C35,D35+1,D35)-MAX(C35,TIME(17,0,0))))) -> 0 | H35: =G35+F35 -> 0
A36: Ayudante | B36: Diego Manuel Potoy Vanegas | C36: 0.33333333 | D36: 0.70833333 | F36: =SUM(IF(C36="",0,IF(C36<TIME(8,0,0),TIME(8,0,0)-C36,0))) -> 0 | G36: =SUM( IF(OR(C36="",D36=""),0,MAX(0,IF(D36<C36,D36+1,D36)-MAX(C36,TIME(17,0,0))))) -> 0 | H36: =G36+F36 -> 0
A37: Ayudante | B37: Henry Alberto Arevalo Velasquez | C37: 0.33333333 | D37: 0.70833333 | F37: =SUM(IF(C37="",0,IF(C37<TIME(8,0,0),TIME(8,0,0)-C37,0))) -> 0 | G37: =SUM( IF(OR(C37="",D37=""),0,MAX(0,IF(D37<C37,D37+1,D37)-MAX(C37,TIME(17,0,0))))) -> 0 | H37: =G37+F37 -> 0
A38: Ayudante | B38: Magdiel Daniel Cruz Aleman | C38: 0.33333333 | D38: 0.70833333 | F38: =SUM(IF(C38="",0,IF(C38<TIME(8,0,0),TIME(8,0,0)-C38,0))) -> 0 | G38: =SUM( IF(OR(C38="",D38=""),0,MAX(0,IF(D38<C38,D38+1,D38)-MAX(C38,TIME(17,0,0))))) -> 0 | H38: =G38+F38 -> 0
A39: Ayudante | B39: Carlos Jose Villavicencio Silva | C39: 0.33333333 | D39: 0.70833333 | F39: =SUM(IF(C39="",0,IF(C39<TIME(8,0,0),TIME(8,0,0)-C39,0))) -> 0 | G39: =SUM( IF(OR(C39="",D39=""),0,MAX(0,IF(D39<C39,D39+1,D39)-MAX(C39,TIME(17,0,0))))) -> 0 | H39: =G39+F39 -> 0
A40: Ayudante | B40: Einer Eliasar Lopez Hernandez | C40: 0.33333333 | D40: 0.70833333 | F40: =SUM(IF(C40="",0,IF(C40<TIME(8,0,0),TIME(8,0,0)-C40,0))) -> 0 | G40: =SUM( IF(OR(C40="",D40=""),0,MAX(0,IF(D40<C40,D40+1,D40)-MAX(C40,TIME(17,0,0))))) -> 0 | H40: =G40+F40 -> 0
A41: Ayudante | B41: Walter Roberto Vasquez Ramos | C41: 0.33333333 | D41: 0.70833333 | F41: =SUM(IF(C41="",0,IF(C41<TIME(8,0,0),TIME(8,0,0)-C41,0))) -> 0 | G41: =SUM( IF(OR(C41="",D41=""),0,MAX(0,IF(D41<C41,D41+1,D41)-MAX(C41,TIME(17,0,0))))) -> 0 | H41: =G41+F41 -> 0
A42: Ayudante | B42: Joel Alfonso Rocha Guzman | C42: 0.33333333 | D42: 0.70833333 | F42: =SUM(IF(C42="",0,IF(C42<TIME(8,0,0),TIME(8,0,0)-C42,0))) -> 0 | G42: =SUM( IF(OR(C42="",D42=""),0,MAX(0,IF(D42<C42,D42+1,D42)-MAX(C42,TIME(17,0,0))))) -> 0 | H42: =G42+F42 -> 0
A43: Ayudante | B43: Edwin de Jesus Aleman Davila | C43: 0.33333333 | D43: 0.70833333 | F43: =SUM(IF(C43="",0,IF(C43<TIME(8,0,0),TIME(8,0,0)-C43,0))) -> 0 | G43: =SUM( IF(OR(C43="",D43=""),0,MAX(0,IF(D43<C43,D43+1,D43)-MAX(C43,TIME(17,0,0))))) -> 0 | H43: =G43+F43 -> 0
A44: Ayudante | B44: Marvin Josue Martinez Canales | C44: 0.33333333 | D44: 0.70833333 | F44: =SUM(IF(C44="",0,IF(C44<TIME(8,0,0),TIME(8,0,0)-C44,0))) -> 0 | G44: =SUM( IF(OR(C44="",D44=""),0,MAX(0,IF(D44<C44,D44+1,D44)-MAX(C44,TIME(17,0,0))))) -> 0 | H44: =G44+F44 -> 0
A45: Ayudante | B45: Moises Abraham Balmaceda Gusman | C45: 0.33333333 | D45: 0.70833333 | F45: =SUM(IF(C45="",0,IF(C45<TIME(8,0,0),TIME(8,0,0)-C45,0))) -> 0 | G45: =SUM( IF(OR(C45="",D45=""),0,MAX(0,IF(D45<C45,D45+1,D45)-MAX(C45,TIME(17,0,0))))) -> 0 | H45: =G45+F45 -> 0
A46: Ayudante | B46: Juan Rafael Ordoñez Muñoz | C46: SUBSIDIO
A47: Ayudante | B47: Daylan Jose Gonzalez Velasquez | C47: 0.33333333 | D47: 0.70833333 | F47: =SUM(IF(C47="",0,IF(C47<TIME(8,0,0),TIME(8,0,0)-C47,0))) -> 0 | G47: =SUM( IF(OR(C47="",D47=""),0,MAX(0,IF(D47<C47,D47+1,D47)-MAX(C47,TIME(17,0,0))))) -> 0 | H47: =G47+F47 -> 0
A48: Ayudante | B48: Josue Antonio Davila Davila | C48: 0.33333333 | D48: 0.70833333 | F48: =SUM(IF(C48="",0,IF(C48<TIME(8,0,0),TIME(8,0,0)-C48,0))) -> 0 | G48: =SUM( IF(OR(C48="",D48=""),0,MAX(0,IF(D48<C48,D48+1,D48)-MAX(C48,TIME(17,0,0))))) -> 0 | H48: =G48+F48 -> 0
A49: Ayudante | B49: Elias Alexander Lopez Roque | C49: 0.33333333 | D49: 0.70833333 | F49: =SUM(IF(C49="",0,IF(C49<TIME(8,0,0),TIME(8,0,0)-C49,0))) -> 0 | G49: =SUM( IF(OR(C49="",D49=""),0,MAX(0,IF(D49<C49,D49+1,D49)-MAX(C49,TIME(17,0,0))))) -> 0 | H49: =G49+F49 -> 0
A50: Ayudante | B50: Moises Israel Esquivel Sequeira | C50: 0.33333333 | D50: 0.70833333 | F50: =SUM(IF(C50="",0,IF(C50<TIME(8,0,0),TIME(8,0,0)-C50,0))) -> 0 | G50: =SUM( IF(OR(C50="",D50=""),0,MAX(0,IF(D50<C50,D50+1,D50)-MAX(C50,TIME(17,0,0))))) -> 0 | H50: =G50+F50 -> 0
A51: Ayudante | B51: Anderson Agurto Martinez Avilez | C51: 0.33333333 | D51: 0.70833333 | F51: =SUM(IF(C51="",0,IF(C51<TIME(8,0,0),TIME(8,0,0)-C51,0))) -> 0 | G51: =SUM( IF(OR(C51="",D51=""),0,MAX(0,IF(D51<C51,D51+1,D51)-MAX(C51,TIME(17,0,0))))) -> 0 | H51: =G51+F51 -> 0
A52: Ayudante | B52: Harinto Jose Rodriguez Cruz | C52: 0.33333333 | D52: 0.70833333 | F52: =SUM(IF(C52="",0,IF(C52<TIME(8,0,0),TIME(8,0,0)-C52,0))) -> 0 | G52: =SUM( IF(OR(C52="",D52=""),0,MAX(0,IF(D52<C52,D52+1,D52)-MAX(C52,TIME(17,0,0))))) -> 0 | H52: =G52+F52 -> 0
A53: Ayudante | B53: Erving Antonio Rios Cardenas | C53: 0.33333333 | D53: 0.70833333 | F53: =SUM(IF(C53="",0,IF(C53<TIME(8,0,0),TIME(8,0,0)-C53,0))) -> 0 | G53: =SUM( IF(OR(C53="",D53=""),0,MAX(0,IF(D53<C53,D53+1,D53)-MAX(C53,TIME(17,0,0))))) -> 0 | H53: =G53+F53 -> 0
A54: Ayudante | B54: Cesar Ramon Roa | C54: 0.33333333 | D54: 0.76041667 | F54: =SUM(IF(C54="",0,IF(C54<TIME(8,0,0),TIME(8,0,0)-C54,0))) -> 0 | G54: =SUM( IF(OR(C54="",D54=""),0,MAX(0,IF(D54<C54,D54+1,D54)-MAX(C54,TIME(17,0,0))))) -> 0.052083333 | H54: =G54+F54 -> 0.052083333
A55: Ayudante | B55: Byron Omar Arburola Hernandez | C55: 0.33333333 | D55: 0.70833333 | F55: =SUM(IF(C55="",0,IF(C55<TIME(8,0,0),TIME(8,0,0)-C55,0))) -> 0 | G55: =SUM( IF(OR(C55="",D55=""),0,MAX(0,IF(D55<C55,D55+1,D55)-MAX(C55,TIME(17,0,0))))) -> 0 | H55: =G55+F55 -> 0
A56: Ayudante | B56: Segundo Noel Pichardo Solis | C56: 0.33333333 | D56: 0.83888889 | F56: =SUM(IF(C56="",0,IF(C56<TIME(8,0,0),TIME(8,0,0)-C56,0))) -> 0 | G56: =SUM( IF(OR(C56="",D56=""),0,MAX(0,IF(D56<C56,D56+1,D56)-MAX(C56,TIME(17,0,0))))) -> 0.13055556 | H56: =G56+F56 -> 0.13055556
A57: Ayudante | B57: Erick Jose Hernandez Palacios | C57: 0.33333333 | D57: 0.70833333 | F57: =SUM(IF(C57="",0,IF(C57<TIME(8,0,0),TIME(8,0,0)-C57,0))) -> 0 | G57: =SUM( IF(OR(C57="",D57=""),0,MAX(0,IF(D57<C57,D57+1,D57)-MAX(C57,TIME(17,0,0))))) -> 0 | H57: =G57+F57 -> 0
A58: Ayudante | B58: Alexis Alexander González García | C58: 0.25 | D58: 0.875 | F58: =SUM(IF(C58="",0,IF(C58<TIME(8,0,0),TIME(8,0,0)-C58,0))) -> 0.083333333 | G58: =SUM( IF(OR(C58="",D58=""),0,MAX(0,IF(D58<C58,D58+1,D58)-MAX(C58,TIME(17,0,0))))) -> 0.16666667 | H58: =G58+F58 -> 0.25
A59: Ayudante | B59: Manuel Ignacio Cañete Guerrero | C59: A CUENTAS DE HORAS ACUMULADAS
A60: Ayudante | B60: Guillermo José Reyes Fernández | C60: 0.45138889 | D60: 0.70833333 | F60: =SUM(IF(C60="",0,IF(C60<TIME(8,0,0),TIME(8,0,0)-C60,0))) -> 0 | G60: =SUM( IF(OR(C60="",D60=""),0,MAX(0,IF(D60<C60,D60+1,D60)-MAX(C60,TIME(17,0,0))))) -> 0 | H60: =G60+F60 -> 0 | I60: Constancia Medica
H61: =SUM(H3:H60) -> 1.9104167

Sheet 24-08
B1: 0.33333333 | D1: REPORTE DE ASISTENCIA 24 DE AGOSTO DEL 2026.
A2: Cargo | B2: Nombre | C2: Entrada | D2: Salida | E2: Llegada Tarde | F2: HORAS ACUMULADAS ENTRADA | G2: HORAS ACUMULADAS SALIDAS | H2: Total | I2: Observaciones
A3: Supervisor | B3: David Castillo Martínez | C3: SUBSIDIO
A4: Admon. Bodega | B4: Lenin Amigo de Saul Mendoza Chavarria | C4: 0.33333333 | D4: 0.70833333 | F4: =SUM(IF(C4="",0,IF(C4<TIME(8,0,0),TIME(8,0,0)-C4,0))) -> 0 | G4: =SUM( IF(OR(C4="",D4=""),0,MAX(0,IF(D4<C4,D4+1,D4)-MAX(C4,TIME(17,0,0))))) -> 0 | H4: =G4+F4 -> 0
A5: Admon. Bodega | B5: Jose De Jesus Gaitan Lovo | C5: 0.33333333 | D5: 0.70833333 | F5: =SUM(IF(C5="",0,IF(C5<TIME(8,0,0),TIME(8,0,0)-C5,0))) -> 0 | G5: =SUM( IF(OR(C5="",D5=""),0,MAX(0,IF(D5<C5,D5+1,D5)-MAX(C5,TIME(17,0,0))))) -> 0 | H5: =G5+F5 -> 0
A6: Admon. Bodega | B6: Fernando Mauricio Salazar | C6: 0.33333333 | D6: 0.70833333 | F6: =SUM(IF(C6="",0,IF(C6<TIME(8,0,0),TIME(8,0,0)-C6,0))) -> 0 | G6: =SUM( IF(OR(C6="",D6=""),0,MAX(0,IF(D6<C6,D6+1,D6)-MAX(C6,TIME(17,0,0))))) -> 0 | H6: =G6+F6 -> 0
A7: Admon. Bodega | B7: Elvis Anthony Martinez Hernandez | C7: 0.35 | D7: 0.70833333 | F7: =SUM(IF(C7="",0,IF(C7<TIME(8,0,0),TIME(8,0,0)-C7,0))) -> 0 | G7: =SUM( IF(OR(C7="",D7=""),0,MAX(0,IF(D7<C7,D7+1,D7)-MAX(C7,TIME(17,0,0))))) -> 0 | H7: =G7+F7 -> 0 | I7: DEDUCIDO POR HORAS ACUMULADAS
A8: Conductor | B8: Denis Alberto Lopez Gonzaga | C8: 0.33333333 | D8: 0.72916667 | F8: =SUM(IF(C8="",0,IF(C8<TIME(8,0,0),TIME(8,0,0)-C8,0))) -> 0 | G8: =SUM( IF(OR(C8="",D8=""),0,MAX(0,IF(D8<C8,D8+1,D8)-MAX(C8,TIME(17,0,0))))) -> 0.020833333 | H8: =G8+F8 -> 0.020833333
A9: Conductor | B9: Jose Gabriel Herrera | C9: 0.33333333 | D9: 0.70833333 | F9: =SUM(IF(C9="",0,IF(C9<TIME(8,0,0),TIME(8,0,0)-C9,0))) -> 0 | G9: =SUM( IF(OR(C9="",D9=""),0,MAX(0,IF(D9<C9,D9+1,D9)-MAX(C9,TIME(17,0,0))))) -> 0 | H9: =G9+F9 -> 0
A10: Conductor | B10: Francisco Valerio Altamirano | C10: 0.33333333 | D10: 0.72916667 | F10: =SUM(IF(C10="",0,IF(C10<TIME(8,0,0),TIME(8,0,0)-C10,0))) -> 0 | G10: =SUM( IF(OR(C10="",D10=""),0,MAX(0,IF(D10<C10,D10+1,D10)-MAX(C10,TIME(17,0,0))))) -> 0.020833333 | H10: =G10+F10 -> 0.020833333
A11: Conductor | B11: Manuel Salvador Centeno Salinas | C11: 0.33333333 | D11: 0.70833333 | F11: =SUM(IF(C11="",0,IF(C11<TIME(8,0,0),TIME(8,0,0)-C11,0))) -> 0 | G11: =SUM( IF(OR(C11="",D11=""),0,MAX(0,IF(D11<C11,D11+1,D11)-MAX(C11,TIME(17,0,0))))) -> 0 | H11: =G11+F11 -> 0
A12: Conductor | B12: Bayardo Benjamin Moran Lopez | C12: 0.33333333 | D12: 0.72916667 | F12: =SUM(IF(C12="",0,IF(C12<TIME(8,0,0),TIME(8,0,0)-C12,0))) -> 0 | G12: =SUM( IF(OR(C12="",D12=""),0,MAX(0,IF(D12<C12,D12+1,D12)-MAX(C12,TIME(17,0,0))))) -> 0.020833333 | H12: =G12+F12 -> 0.020833333
A13: Conductor | B13: Emerson Alberto Diaz Mendoza | C13: A CUENTAS DE HORAS ACUMULADAS
A14: Conductor | B14: David Uriel Zamora Martinez | C14: 0.33333333 | D14: 0.70833333 | F14: =SUM(IF(C14="",0,IF(C14<TIME(8,0,0),TIME(8,0,0)-C14,0))) -> 0 | G14: =SUM( IF(OR(C14="",D14=""),0,MAX(0,IF(D14<C14,D14+1,D14)-MAX(C14,TIME(17,0,0))))) -> 0 | H14: =G14+F14 -> 0
A15: Conductor | B15: Jorge Luis Telleria | C15: 0.33333333 | D15: 0.70833333 | F15: =SUM(IF(C15="",0,IF(C15<TIME(8,0,0),TIME(8,0,0)-C15,0))) -> 0 | G15: =SUM( IF(OR(C15="",D15=""),0,MAX(0,IF(D15<C15,D15+1,D15)-MAX(C15,TIME(17,0,0))))) -> 0 | H15: =G15+F15 -> 0
A16: Conductor | B16: Alejandro Jose Castro Jarquin | C16: 0.33333333 | D16: 0.77083333 | F16: =SUM(IF(C16="",0,IF(C16<TIME(8,0,0),TIME(8,0,0)-C16,0))) -> 0 | G16: =SUM( IF(OR(C16="",D16=""),0,MAX(0,IF(D16<C16,D16+1,D16)-MAX(C16,TIME(17,0,0))))) -> 0.0625 | H16: =G16+F16 -> 0.0625
A17: Conductor | B17: Juan Francisco Narvaez Molina | C17: 0.33333333 | D17: 0.77777778 | F17: =SUM(IF(C17="",0,IF(C17<TIME(8,0,0),TIME(8,0,0)-C17,0))) -> 0 | G17: =SUM( IF(OR(C17="",D17=""),0,MAX(0,IF(D17<C17,D17+1,D17)-MAX(C17,TIME(17,0,0))))) -> 0.069444444 | H17: =G17+F17 -> 0.069444444
A18: Conductor | B18: Fernando Antonio Centeno Gaitan | C18: 0.33333333 | D18: 0.70833333 | F18: =SUM(IF(C18="",0,IF(C18<TIME(8,0,0),TIME(8,0,0)-C18,0))) -> 0 | G18: =SUM( IF(OR(C18="",D18=""),0,MAX(0,IF(D18<C18,D18+1,D18)-MAX(C18,TIME(17,0,0))))) -> 0 | H18: =G18+F18 -> 0
A19: Conductor | B19: Richard Antonio Carrion Alvarez | C19: VACACIONES
A20: Conductor | B20: Dietrich Rafael Bone Burgos | C20: VACACIONES
A21: Conductor | B21: Juan Abrahán Duran Tercero | C21: A CUENTAS DE HORAS ACUMULADAS
A22: Conductor | B22: Orlando José Ayerdis Barrios | C22: 0.33333333 | D22: 0.70833333 | F22: =SUM(IF(C22="",0,IF(C22<TIME(8,0,0),TIME(8,0,0)-C22,0))) -> 0 | G22: =SUM( IF(OR(C22="",D22=""),0,MAX(0,IF(D22<C22,D22+1,D22)-MAX(C22,TIME(17,0,0))))) -> 0 | H22: =G22+F22 -> 0
A23: Ayudante | B23: Walter Bernardino Aburto Maltez | C23: 0.33333333 | D23: 0.70833333 | F23: =SUM(IF(C23="",0,IF(C23<TIME(8,0,0),TIME(8,0,0)-C23,0))) -> 0 | G23: =SUM( IF(OR(C23="",D23=""),0,MAX(0,IF(D23<C23,D23+1,D23)-MAX(C23,TIME(17,0,0))))) -> 0 | H23: =G23+F23 -> 0
A24: Ayudante | B24: Bismarck Antonio Perez Aburto | C24: 0.33333333 | D24: 0.70833333 | F24: =SUM(IF(C24="",0,IF(C24<TIME(8,0,0),TIME(8,0,0)-C24,0))) -> 0 | G24: =SUM( IF(OR(C24="",D24=""),0,MAX(0,IF(D24<C24,D24+1,D24)-MAX(C24,TIME(17,0,0))))) -> 0 | H24: =G24+F24 -> 0
A25: Ayudante | B25: Jose Ariel Espinoza Parrales | C25: 0.33333333 | D25: 0.76319444 | F25: =SUM(IF(C25="",0,IF(C25<TIME(8,0,0),TIME(8,0,0)-C25,0))) -> 0 | G25: =SUM( IF(OR(C25="",D25=""),0,MAX(0,IF(D25<C25,D25+1,D25)-MAX(C25,TIME(17,0,0))))) -> 0.054861111 | H25: =G25+F25 -> 0.054861111
A26: Ayudante | B26: Yaro de Jesus Castillo Muñoz | C26: 0.33333333 | D26: 0.70833333 | F26: =SUM(IF(C26="",0,IF(C26<TIME(8,0,0),TIME(8,0,0)-C26,0))) -> 0 | G26: =SUM( IF(OR(C26="",D26=""),0,MAX(0,IF(D26<C26,D26+1,D26)-MAX(C26,TIME(17,0,0))))) -> 0 | H26: =G26+F26 -> 0
A27: Ayudante | B27: Orlando De Jesus Ruiz Ramirez | C27: 0.33333333 | D27: 0.70833333 | F27: =SUM(IF(C27="",0,IF(C27<TIME(8,0,0),TIME(8,0,0)-C27,0))) -> 0 | G27: =SUM( IF(OR(C27="",D27=""),0,MAX(0,IF(D27<C27,D27+1,D27)-MAX(C27,TIME(17,0,0))))) -> 0 | H27: =G27+F27 -> 0
A28: Ayudante | B28: Roberto Jose Arauz Alvarado | C28: SUBSIDIO
A29: Ayudante | B29: Luis Omar Campos Connolly | C29: 0.33333333 | D29: 0.70833333 | F29: =SUM(IF(C29="",0,IF(C29<TIME(8,0,0),TIME(8,0,0)-C29,0))) -> 0 | G29: =SUM( IF(OR(C29="",D29=""),0,MAX(0,IF(D29<C29,D29+1,D29)-MAX(C29,TIME(17,0,0))))) -> 0 | H29: =G29+F29 -> 0
A30: Ayudante | B30: Emilio Humberto Alegria Sanchez | C30: SUBSIDIO
A31: Ayudante | B31: Pablo Javier Berrios Sotelo | C31: A CUENTAS DE HORAS ACUMULADAS
A32: Ayudante | B32: Ramiro Isaac Solano Flores | C32: 0.33333333 | D32: 0.70833333 | F32: =SUM(IF(C32="",0,IF(C32<TIME(8,0,0),TIME(8,0,0)-C32,0))) -> 0 | G32: =SUM( IF(OR(C32="",D32=""),0,MAX(0,IF(D32<C32,D32+1,D32)-MAX(C32,TIME(17,0,0))))) -> 0 | H32: =G32+F32 -> 0
A33: Ayudante | B33: Reggie Sanders Rodriguez Tellez | C33: 0.33333333 | D33: 0.70833333 | F33: =SUM(IF(C33="",0,IF(C33<TIME(8,0,0),TIME(8,0,0)-C33,0))) -> 0 | G33: =SUM( IF(OR(C33="",D33=""),0,MAX(0,IF(D33<C33,D33+1,D33)-MAX(C33,TIME(17,0,0))))) -> 0 | H33: =G33+F33 -> 0
A34: Ayudante | B34: Engel Jose Brenes Aleman | C34: 0.33333333 | D34: 0.70833333 | F34: =SUM(IF(C34="",0,IF(C34<TIME(8,0,0),TIME(8,0,0)-C34,0))) -> 0 | G34: =SUM( IF(OR(C34="",D34=""),0,MAX(0,IF(D34<C34,D34+1,D34)-MAX(C34,TIME(17,0,0))))) -> 0 | H34: =G34+F34 -> 0
A35: Ayudante | B35: Ricky Nelson Bonilla Villagra | C35: 0.33333333 | D35: 0.70833333 | F35: =SUM(IF(C35="",0,IF(C35<TIME(8,0,0),TIME(8,0,0)-C35,0))) -> 0 | G35: =SUM( IF(OR(C35="",D35=""),0,MAX(0,IF(D35<C35,D35+1,D35)-MAX(C35,TIME(17,0,0))))) -> 0 | H35: =G35+F35 -> 0
A36: Ayudante | B36: Diego Manuel Potoy Vanegas | C36: 0.33333333 | D36: 0.70625 | F36: =SUM(IF(C36="",0,IF(C36<TIME(8,0,0),TIME(8,0,0)-C36,0))) -> 0 | G36: =SUM( IF(OR(C36="",D36=""),0,MAX(0,IF(D36<C36,D36+1,D36)-MAX(C36,TIME(17,0,0))))) -> 0 | H36: =G36+F36 -> 0 | I36: DEDUCIDO POR HORAS ACUMULADAS
A37: Ayudante | B37: Henry Alberto Arevalo Velasquez | C37: A CUENTAS DE HORAS ACUMULADAS
A38: Ayudante | B38: Magdiel Daniel Cruz Aleman | C38: 0.33333333 | D38: 0.70833333 | F38: =SUM(IF(C38="",0,IF(C38<TIME(8,0,0),TIME(8,0,0)-C38,0))) -> 0 | G38: =SUM( IF(OR(C38="",D38=""),0,MAX(0,IF(D38<C38,D38+1,D38)-MAX(C38,TIME(17,0,0))))) -> 0 | H38: =G38+F38 -> 0
